brand_name,brand_label,product_name,product_label,file,Price
Christian Louboutin,0,shoes,0,0_0_001.png,293.43
Christian Louboutin,0,shoes,0,0_0_002.png,299.84
Christian Louboutin,0,shoes,0,0_0_003.png,216.33
Christian Louboutin,0,shoes,0,0_0_004.png,1.71
Christian Louboutin,0,shoes,0,0_0_005.png,297.71
Christian Louboutin,0,shoes,0,0_0_006.png,246.77
Christian Louboutin,0,shoes,0,0_0_007.png,114.27
Christian Louboutin,0,shoes,0,0_0_008.png,296.94
Christian Louboutin,0,shoes,0,0_0_009.png,231.29
Christian Louboutin,0,shoes,0,0_0_010.png,244.13
Christian Louboutin,0,shoes,0,0_0_011.png,277.53
Christian Louboutin,0,shoes,0,0_0_012.png,296.01
Christian Louboutin,0,shoes,0,0_0_013.png,235.26
Christian Louboutin,0,shoes,0,0_0_014.png,82.68
Christian Louboutin,0,shoes,0,0_0_015.png,160.54
Christian Louboutin,0,shoes,0,0_0_016.png,230.33
Christian Louboutin,0,shoes,0,0_0_017.png,74.37
Christian Louboutin,0,shoes,0,0_0_018.png,282.97
Christian Louboutin,0,shoes,0,0_0_019.png,212.55
Christian Louboutin,0,shoes,0,0_0_020.png,276.24
Christian Louboutin,0,shoes,0,0_0_021.png,35.84
Christian Louboutin,0,shoes,0,0_0_022.png,244.24
Christian Louboutin,0,shoes,0,0_0_023.png,16.86
Christian Louboutin,0,shoes,0,0_0_024.png,201.36
Christian Louboutin,0,shoes,0,0_0_025.png,258.01
Christian Louboutin,0,shoes,0,0_0_026.png,285.32
Christian Louboutin,0,shoes,0,0_0_027.png,141.8
Christian Louboutin,0,shoes,0,0_0_028.png,206.95
Christian Louboutin,0,shoes,0,0_0_029.png,12.33
Christian Louboutin,0,shoes,0,0_0_030.png,154.63
Christian Louboutin,0,shoes,0,0_0_031.png,120.26
Christian Louboutin,0,shoes,0,0_0_032.png,77.13
Christian Louboutin,0,shoes,0,0_0_033.png,161.71
Christian Louboutin,0,shoes,0,0_0_034.png,257.32
Christian Louboutin,0,shoes,0,0_0_035.png,158.77
Christian Louboutin,0,shoes,0,0_0_036.png,245.56
Christian Louboutin,0,shoes,0,0_0_037.png,53.64
Christian Louboutin,0,shoes,0,0_0_038.png,294.91
Christian Louboutin,0,shoes,0,0_0_039.png,289.59
Christian Louboutin,0,shoes,0,0_0_040.png,252.37
Christian Louboutin,0,shoes,0,0_0_041.png,250.07
Christian Louboutin,0,shoes,0,0_0_042.png,237.94
Christian Louboutin,0,shoes,0,0_0_043.png,102.87
Christian Louboutin,0,shoes,0,0_0_044.png,200.96
Christian Louboutin,0,shoes,0,0_0_045.png,230.95
Christian Louboutin,0,shoes,0,0_0_046.png,10.07
Christian Louboutin,0,shoes,0,0_0_047.png,16.13
Christian Louboutin,0,shoes,0,0_0_048.png,153.71
Christian Louboutin,0,shoes,0,0_0_049.png,32.75
Christian Louboutin,0,shoes,0,0_0_050.png,174.62
Christian Louboutin,0,shoes,0,0_0_051.png,11.24
Christian Louboutin,0,shoes,0,0_0_052.png,181.18
Christian Louboutin,0,shoes,0,0_0_053.png,22.68
Christian Louboutin,0,shoes,0,0_0_054.png,219.11
Christian Louboutin,0,shoes,0,0_0_055.png,36.76
Christian Louboutin,0,shoes,0,0_0_056.png,277.07
Christian Louboutin,0,shoes,0,0_0_057.png,75.98
Christian Louboutin,0,shoes,0,0_0_058.png,26.95
Christian Louboutin,0,shoes,0,0_0_059.png,73.71
Christian Louboutin,0,shoes,0,0_0_060.png,134.03
Christian Louboutin,0,shoes,0,0_0_061.png,113.32
Christian Louboutin,0,shoes,0,0_0_062.png,90.82
Christian Louboutin,0,shoes,0,0_0_063.png,1.88
Christian Louboutin,0,shoes,0,0_0_064.png,190.78
Christian Louboutin,0,shoes,0,0_0_065.png,240.12
Christian Louboutin,0,shoes,0,0_0_066.png,242.82
Christian Louboutin,0,shoes,0,0_0_067.png,214.67
Christian Louboutin,0,shoes,0,0_0_068.png,229.84
Christian Louboutin,0,shoes,0,0_0_069.png,136.5
Christian Louboutin,0,shoes,0,0_0_070.png,130.6
Christian Louboutin,0,shoes,0,0_0_071.png,192.49
Christian Louboutin,0,shoes,0,0_0_072.png,236.61
Christian Louboutin,0,shoes,0,0_0_073.png,181.74
Christian Louboutin,0,shoes,0,0_0_074.png,138.79
Christian Louboutin,0,shoes,0,0_0_075.png,57.22
Christian Louboutin,0,shoes,0,0_0_076.png,185.51
Christian Louboutin,0,shoes,0,0_0_077.png,100.81
Christian Louboutin,0,shoes,0,0_0_078.png,169.33
Christian Louboutin,0,shoes,0,0_0_079.png,229.73
Christian Louboutin,0,shoes,0,0_0_080.png,136.77
Christian Louboutin,0,shoes,0,0_0_081.png,292.7
Christian Louboutin,0,shoes,0,0_0_082.png,170.62
Christian Louboutin,0,shoes,0,0_0_083.png,119.04
Christian Louboutin,0,shoes,0,0_0_084.png,7.09
Christian Louboutin,0,shoes,0,0_0_085.png,298.39
Christian Louboutin,0,shoes,0,0_0_086.png,97.82
Christian Louboutin,0,shoes,0,0_0_087.png,83.4
Christian Louboutin,0,shoes,0,0_0_088.png,242.92
Christian Louboutin,0,shoes,0,0_0_089.png,72.15
Christian Louboutin,0,shoes,0,0_0_090.png,109.48
Christian Louboutin,0,shoes,0,0_0_091.png,13.37
Christian Louboutin,0,shoes,0,0_0_092.png,165.38
Christian Louboutin,0,shoes,0,0_0_093.png,45.09
Christian Louboutin,0,shoes,0,0_0_094.png,165.53
Christian Louboutin,0,shoes,0,0_0_095.png,271.68
Christian Louboutin,0,shoes,0,0_0_096.png,223.42
Christian Louboutin,0,shoes,0,0_0_097.png,116.41
Christian Louboutin,0,shoes,0,0_0_098.png,25.56
Christian Louboutin,0,lipstick,1,0_1_001.png,142.33
Christian Louboutin,0,lipstick,1,0_1_002.png,113.62
Christian Louboutin,0,lipstick,1,0_1_003.png,29.88
Christian Louboutin,0,lipstick,1,0_1_004.png,106.9
Christian Louboutin,0,lipstick,1,0_1_005.png,245.37
Christian Louboutin,0,lipstick,1,0_1_006.png,243.1
Christian Louboutin,0,lipstick,1,0_1_007.png,236.51
Christian Louboutin,0,lipstick,1,0_1_008.png,238.52
Christian Louboutin,0,lipstick,1,0_1_009.png,170.17
Christian Louboutin,0,lipstick,1,0_1_010.png,27.18
Christian Louboutin,0,lipstick,1,0_1_011.png,214.65
Christian Louboutin,0,lipstick,1,0_1_012.png,33.25
Christian Louboutin,0,lipstick,1,0_1_013.png,162.44
Christian Louboutin,0,lipstick,1,0_1_014.png,196.66
Christian Louboutin,0,lipstick,1,0_1_015.png,122.1
Christian Louboutin,0,lipstick,1,0_1_016.png,182.79
Christian Louboutin,0,lipstick,1,0_1_017.png,10.4
Christian Louboutin,0,lipstick,1,0_1_018.png,217.53
Christian Louboutin,0,lipstick,1,0_1_019.png,281.29
Christian Louboutin,0,lipstick,1,0_1_020.png,112.89
Christian Louboutin,0,lipstick,1,0_1_021.png,103.58
Christian Louboutin,0,lipstick,1,0_1_022.png,230.93
Christian Louboutin,0,lipstick,1,0_1_023.png,241.4
Christian Louboutin,0,lipstick,1,0_1_024.png,191.93
Christian Louboutin,0,lipstick,1,0_1_025.png,126.88
Christian Louboutin,0,lipstick,1,0_1_026.png,191.26
Christian Louboutin,0,lipstick,1,0_1_027.png,37.16
Christian Louboutin,0,lipstick,1,0_1_028.png,123.28
Christian Louboutin,0,lipstick,1,0_1_029.png,45.14
Christian Louboutin,0,lipstick,1,0_1_030.png,41.17
Christian Louboutin,0,lipstick,1,0_1_031.png,90.27
Christian Louboutin,0,lipstick,1,0_1_032.png,167.2
Christian Louboutin,0,lipstick,1,0_1_033.png,279.52
Christian Louboutin,0,lipstick,1,0_1_034.png,174.61
Christian Louboutin,0,lipstick,1,0_1_035.png,75.95
Christian Louboutin,0,lipstick,1,0_1_036.png,43.55
Christian Louboutin,0,lipstick,1,0_1_037.png,31.54
Christian Louboutin,0,lipstick,1,0_1_038.png,231.06
Christian Louboutin,0,lipstick,1,0_1_039.png,131.34
Christian Louboutin,0,lipstick,1,0_1_040.png,203.83
Christian Louboutin,0,lipstick,1,0_1_041.png,206.14
Christian Louboutin,0,lipstick,1,0_1_042.png,218.59
Christian Louboutin,0,lipstick,1,0_1_043.png,215.97
Christian Louboutin,0,lipstick,1,0_1_044.png,257.68
Christian Louboutin,0,handbag,2,0_2_001.png,89.59
Christian Louboutin,0,handbag,2,0_2_002.png,198.77
Christian Louboutin,0,handbag,2,0_2_003.png,178.59
Christian Louboutin,0,handbag,2,0_2_004.png,213.36
Christian Louboutin,0,handbag,2,0_2_005.png,80.82
Christian Louboutin,0,handbag,2,0_2_006.png,277.22
Christian Louboutin,0,handbag,2,0_2_007.png,258.18
Christian Louboutin,0,handbag,2,0_2_008.png,237.14
Christian Louboutin,0,handbag,2,0_2_009.png,66.94
Christian Louboutin,0,handbag,2,0_2_010.png,238.42
Christian Louboutin,0,handbag,2,0_2_011.png,32.52
Christian Louboutin,0,handbag,2,0_2_012.png,21.45
Christian Louboutin,0,handbag,2,0_2_013.png,43.08
Christian Louboutin,0,handbag,2,0_2_014.png,273.79
Christian Louboutin,0,handbag,2,0_2_015.png,148.34
Christian Louboutin,0,handbag,2,0_2_016.png,70.76
Christian Louboutin,0,handbag,2,0_2_017.png,126.9
Christian Louboutin,0,handbag,2,0_2_018.png,6.47
Christian Louboutin,0,handbag,2,0_2_019.png,124.35
Christian Louboutin,0,handbag,2,0_2_020.png,222.75
Christian Louboutin,0,handbag,2,0_2_021.png,95.38
Christian Louboutin,0,handbag,2,0_2_022.png,37.48
Christian Louboutin,0,handbag,2,0_2_023.png,203.99
Christian Louboutin,0,handbag,2,0_2_024.png,240.33
Christian Louboutin,0,handbag,2,0_2_025.png,6.17
Christian Louboutin,0,handbag,2,0_2_026.png,253.97
Christian Louboutin,0,handbag,2,0_2_027.png,90.39
Christian Louboutin,0,handbag,2,0_2_028.png,146.79
Christian Louboutin,0,nail polish,3,0_3_001.png,284.16
Christian Louboutin,0,nail polish,3,0_3_002.png,26.4
Christian Louboutin,0,nail polish,3,0_3_003.png,61.45
Christian Louboutin,0,nail polish,3,0_3_004.png,259.83
Christian Louboutin,0,nail polish,3,0_3_005.png,138.33
Christian Louboutin,0,nail polish,3,0_3_006.png,178.89
Christian Louboutin,0,nail polish,3,0_3_007.png,108.48
Christian Louboutin,0,nail polish,3,0_3_008.png,91.94
Christian Louboutin,0,nail polish,3,0_3_009.png,127.83
Christian Louboutin,0,nail polish,3,0_3_010.png,208.1
Christian Louboutin,0,nail polish,3,0_3_011.png,51.8
Christian Louboutin,0,nail polish,3,0_3_012.png,4.45
Christian Louboutin,0,nail polish,3,0_3_013.png,34.33
Christian Louboutin,0,nail polish,3,0_3_014.png,81.27
Christian Louboutin,0,nail polish,3,0_3_015.png,6.39
Christian Louboutin,0,nail polish,3,0_3_016.png,188.59
Christian Louboutin,0,nail polish,3,0_3_016.png,286.5
Christian Louboutin,0,nail polish,3,0_3_018.png,185.83
Christian Louboutin,0,nail polish,3,0_3_019.png,84.69
Christian Louboutin,0,nail polish,3,0_3_020.png,270.99
Christian Louboutin,0,nail polish,3,0_3_021.png,29.91
Christian Louboutin,0,nail polish,3,0_3_022.png,219.28
Christian Louboutin,0,nail polish,3,0_3_023.png,211.17
Christian Louboutin,0,nail polish,3,0_3_024.png,124.61
Christian Louboutin,0,nail polish,3,0_3_025.png,108.65
Christian Louboutin,0,nail polish,3,0_3_026.png,262.59
Christian Louboutin,0,nail polish,3,0_3_027.png,90.13
Christian Louboutin,0,nail polish,3,0_3_028.png,272.62
Christian Louboutin,0,nail polish,3,0_3_029.png,173.2
Christian Louboutin,0,nail polish,3,0_3_030.png,84.64
Christian Louboutin,0,nail polish,3,0_3_031.png,295.73
Christian Louboutin,0,nail polish,3,0_3_032.png,234.02
Christian Louboutin,0,nail polish,3,0_3_033.png,237.18
Christian Louboutin,0,nail polish,3,0_3_034.png,65.65
Christian Louboutin,0,nail polish,3,0_3_035.png,50.16
Christian Louboutin,0,nail polish,3,0_3_036.png,111.74
Christian Louboutin,0,nail polish,3,0_3_037.png,47.65
Christian Louboutin,0,nail polish,3,0_3_038.png,173.38
Christian Louboutin,0,boots,8,0_8_001.png,88.01
Christian Louboutin,0,boots,8,0_8_002.png,171.62
Christian Louboutin,0,boots,8,0_8_003.png,28.33
Christian Louboutin,0,boots,8,0_8_004.png,179.91
Christian Louboutin,0,boots,8,0_8_005.png,60.49
Christian Louboutin,0,boots,8,0_8_006.png,157.57
Christian Louboutin,0,boots,8,0_8_007.png,68.97
Christian Louboutin,0,boots,8,0_8_008.png,298.02
Christian Louboutin,0,boots,8,0_8_009.png,157.38
Christian Louboutin,0,boots,8,0_8_010.png,238.52
Christian Louboutin,0,boots,8,0_8_011.png,156.78
Christian Louboutin,0,boots,8,0_8_012.png,140.66
Christian Louboutin,0,boots,8,0_8_013.png,222.48
Christian Louboutin,0,boots,8,0_8_014.png,84.6
Christian Louboutin,0,boots,8,0_8_015.png,229.05
Christian Louboutin,0,boots,8,0_8_016.png,165.98
Christian Louboutin,0,boots,8,0_8_017.png,75.87
Christian Louboutin,0,boots,8,0_8_018.png,74.84
Christian Louboutin,0,boots,8,0_8_019.png,60.68
Christian Louboutin,0,boots,8,0_8_020.png,167.07
Christian Louboutin,0,boots,8,0_8_021.png,251.5
Christian Louboutin,0,boots,8,0_8_022.png,133.38
Christian Louboutin,0,boots,8,0_8_023.png,255.33
Christian Louboutin,0,boots,8,0_8_024.png,279.36
Christian Louboutin,0,boots,8,0_8_025.png,280.86
Christian Louboutin,0,boots,8,0_8_026.png,77.32
Christian Louboutin,0,boots,8,0_8_027.png,56.84
Christian Louboutin,0,boots,8,0_8_028.png,172.65
Christian Louboutin,0,boots,8,0_8_029.png,2.64
Chanel,1,shoes,0,1_0_001.png,223.74
Chanel,1,shoes,0,1_0_002.png,148.64
Chanel,1,shoes,0,1_0_003.png,271.63
Chanel,1,shoes,0,1_0_004.png,248.26
Chanel,1,shoes,0,1_0_005.png,231.65
Chanel,1,shoes,0,1_0_006.png,62.18
Chanel,1,shoes,0,1_0_007.png,164.27
Chanel,1,shoes,0,1_0_008.png,269.99
Chanel,1,shoes,0,1_0_009.png,236
Chanel,1,shoes,0,1_0_010.png,153.76
Chanel,1,shoes,0,1_0_011.png,108.13
Chanel,1,shoes,0,1_0_012.png,81
Chanel,1,shoes,0,1_0_013.png,219.68
Chanel,1,shoes,0,1_0_014.png,182.7
Chanel,1,shoes,0,1_0_015.png,254.13
Chanel,1,shoes,0,1_0_016.png,235.47
Chanel,1,shoes,0,1_0_017.png,107.66
Chanel,1,shoes,0,1_0_018.png,13.29
Chanel,1,shoes,0,1_0_019.png,95.47
Chanel,1,shoes,0,1_0_020.png,101.72
Chanel,1,shoes,0,1_0_021.png,25.59
Chanel,1,shoes,0,1_0_022.png,95.89
Chanel,1,shoes,0,1_0_023.png,33.74
Chanel,1,shoes,0,1_0_024.png,30.92
Chanel,1,shoes,0,1_0_025.png,268.73
Chanel,1,shoes,0,1_0_026.png,227.49
Chanel,1,shoes,0,1_0_027.png,275.7
Chanel,1,shoes,0,1_0_028.png,237.23
Chanel,1,shoes,0,1_0_029.png,39.8
Chanel,1,shoes,0,1_0_030.png,217.8
Chanel,1,shoes,0,1_0_031.png,184.04
Chanel,1,shoes,0,1_0_032.png,43.81
Chanel,1,shoes,0,1_0_033.png,205.11
Chanel,1,shoes,0,1_0_034.png,268.23
Chanel,1,shoes,0,1_0_035.png,211.98
Chanel,1,shoes,0,1_0_036.png,238.05
Chanel,1,shoes,0,1_0_037.png,36.27
Chanel,1,shoes,0,1_0_038.png,241.72
Chanel,1,shoes,0,1_0_039.png,56.68
Chanel,1,shoes,0,1_0_040.png,235.24
Chanel,1,shoes,0,1_0_041.png,271.07
Chanel,1,shoes,0,1_0_042.png,260.45
Chanel,1,shoes,0,1_0_043.png,105.26
Chanel,1,shoes,0,1_0_044.png,34.37
Chanel,1,shoes,0,1_0_045.png,205.14
Chanel,1,shoes,0,1_0_046.png,164.7
Chanel,1,shoes,0,1_0_047.png,185.76
Chanel,1,shoes,0,1_0_048.png,120.48
Chanel,1,shoes,0,1_0_049.png,230.99
Chanel,1,shoes,0,1_0_050.png,129.01
Chanel,1,shoes,0,1_0_051.png,32.23
Chanel,1,shoes,0,1_0_052.png,263.07
Chanel,1,shoes,0,1_0_053.png,133.42
Chanel,1,lipstick,1,1_1_001.png,208.98
Chanel,1,lipstick,1,1_1_002.png,6.79
Chanel,1,lipstick,1,1_1_003.png,28.06
Chanel,1,lipstick,1,1_1_004.png,38.83
Chanel,1,lipstick,1,1_1_005.png,211.01
Chanel,1,lipstick,1,1_1_006.png,149.23
Chanel,1,lipstick,1,1_1_007.png,201.3
Chanel,1,lipstick,1,1_1_008.png,102.37
Chanel,1,lipstick,1,1_1_009.png,243.02
Chanel,1,lipstick,1,1_1_010.png,163.36
Chanel,1,lipstick,1,1_1_011.png,138.88
Chanel,1,lipstick,1,1_1_012.png,282.72
Chanel,1,lipstick,1,1_1_013.png,85.58
Chanel,1,lipstick,1,1_1_014.png,241.37
Chanel,1,lipstick,1,1_1_015.png,236.03
Chanel,1,lipstick,1,1_1_016.png,256.16
Chanel,1,lipstick,1,1_1_017.png,282.03
Chanel,1,lipstick,1,1_1_018.png,108.03
Chanel,1,lipstick,1,1_1_019.png,63.23
Chanel,1,lipstick,1,1_1_020.png,55.77
Chanel,1,lipstick,1,1_1_021.png,248.12
Chanel,1,lipstick,1,1_1_022.png,52.57
Chanel,1,lipstick,1,1_1_023.png,160.59
Chanel,1,lipstick,1,1_1_024.png,148.88
Chanel,1,lipstick,1,1_1_025.png,118.77
Chanel,1,lipstick,1,1_1_026.png,95.13
Chanel,1,lipstick,1,1_1_027.png,65.15
Chanel,1,lipstick,1,1_1_028.png,67.3
Chanel,1,lipstick,1,1_1_029.png,139.53
Chanel,1,lipstick,1,1_1_030.png,101.64
Chanel,1,handbag,2,1_2_001.png,80.81
Chanel,1,handbag,2,1_2_002.png,29.38
Chanel,1,handbag,2,1_2_003.png,153.71
Chanel,1,handbag,2,1_2_004.png,88.18
Chanel,1,handbag,2,1_2_005.png,15.72
Chanel,1,handbag,2,1_2_006.png,77.04
Chanel,1,handbag,2,1_2_007.png,73.58
Chanel,1,handbag,2,1_2_008.png,81.09
Chanel,1,handbag,2,1_2_009.png,165.82
Chanel,1,handbag,2,1_2_010.png,174.59
Chanel,1,handbag,2,1_2_011.png,155.41
Chanel,1,handbag,2,1_2_012.png,143.12
Chanel,1,handbag,2,1_2_013.png,140.92
Chanel,1,handbag,2,1_2_014.png,21.27
Chanel,1,handbag,2,1_2_015.png,102.16
Chanel,1,handbag,2,1_2_016.png,35.55
Chanel,1,handbag,2,1_2_017.png,202.34
Chanel,1,handbag,2,1_2_018.png,212.29
Chanel,1,handbag,2,1_2_019.png,143.86
Chanel,1,handbag,2,1_2_020.png,160.85
Chanel,1,handbag,2,1_2_021.png,23.68
Chanel,1,handbag,2,1_2_022.png,74.32
Chanel,1,handbag,2,1_2_023.png,232.46
Chanel,1,handbag,2,1_2_024.png,264.01
Chanel,1,handbag,2,1_2_025.png,263.88
Chanel,1,handbag,2,1_2_026.png,154.44
Chanel,1,handbag,2,1_2_027.png,256.82
Chanel,1,handbag,2,1_2_028.png,221.12
Chanel,1,handbag,2,1_2_029.png,283.09
Chanel,1,handbag,2,1_2_030.png,272.61
Chanel,1,handbag,2,1_2_031.png,151.81
Chanel,1,handbag,2,1_2_032.png,107.94
Chanel,1,handbag,2,1_2_033.png,144.38
Chanel,1,handbag,2,1_2_034.png,136.37
Chanel,1,handbag,2,1_2_035.png,103.31
Chanel,1,handbag,2,1_2_036.png,235.16
Chanel,1,handbag,2,1_2_037.png,151.75
Chanel,1,handbag,2,1_2_038.png,168.56
Chanel,1,handbag,2,1_2_039.png,249.48
Chanel,1,handbag,2,1_2_040.png,268.83
Chanel,1,handbag,2,1_2_041.png,269.69
Chanel,1,handbag,2,1_2_042.png,234.65
Chanel,1,handbag,2,1_2_043.png,163.9
Chanel,1,handbag,2,1_2_044.png,203.11
Chanel,1,handbag,2,1_2_045.png,13.1
Chanel,1,handbag,2,1_2_046.png,192.97
Chanel,1,handbag,2,1_2_047.png,197.93
Chanel,1,handbag,2,1_2_048.png,117.37
Chanel,1,handbag,2,1_2_049.png,250.09
Chanel,1,handbag,2,1_2_050.png,229.58
Chanel,1,handbag,2,1_2_051.png,273.19
Chanel,1,handbag,2,1_2_052.png,63.78
Chanel,1,handbag,2,1_2_053.png,287.51
Chanel,1,handbag,2,1_2_054.png,151.34
Chanel,1,handbag,2,1_2_055.png,2.98
Chanel,1,nail polish,3,1_3_001.png,170.5
Chanel,1,nail polish,3,1_3_002.png,252.82
Chanel,1,nail polish,3,1_3_003.png,135.4
Chanel,1,nail polish,3,1_3_004.png,124.09
Chanel,1,nail polish,3,1_3_005.png,264.37
Chanel,1,nail polish,3,1_3_006.png,74.26
Chanel,1,nail polish,3,1_3_007.png,192.19
Chanel,1,nail polish,3,1_3_008.png,226.24
Chanel,1,nail polish,3,1_3_009.png,91.91
Chanel,1,nail polish,3,1_3_010.png,105.26
Chanel,1,nail polish,3,1_3_011.png,176.46
Chanel,1,nail polish,3,1_3_012.png,56.84
Chanel,1,nail polish,3,1_3_013.png,279.57
Chanel,1,nail polish,3,1_3_014.png,255.41
Chanel,1,nail polish,3,1_3_015.png,216.95
Chanel,1,nail polish,3,1_3_016.png,28.27
Chanel,1,nail polish,3,1_3_017.png,211.94
Chanel,1,necklace,4,1_4_001.png,271.44
Chanel,1,necklace,4,1_4_002.png,128.04
Chanel,1,necklace,4,1_4_003.png,57.44
Chanel,1,necklace,4,1_4_004.png,107.71
Chanel,1,necklace,4,1_4_005.png,241.18
Chanel,1,necklace,4,1_4_006.png,133.2
Chanel,1,necklace,4,1_4_007.png,243.35
Chanel,1,necklace,4,1_4_008.png,186.73
Chanel,1,necklace,4,1_4_009.png,34.18
Chanel,1,necklace,4,1_4_010.png,50.4
Chanel,1,necklace,4,1_4_011.png,211.32
Chanel,1,necklace,4,1_4_012.png,283.03
Chanel,1,necklace,4,1_4_013.png,159.61
Chanel,1,necklace,4,1_4_014.png,132.99
Chanel,1,necklace,4,1_4_015.png,268.27
Chanel,1,necklace,4,1_4_016.png,262.26
Chanel,1,necklace,4,1_4_017.png,147.88
Chanel,1,necklace,4,1_4_018.png,244.57
Chanel,1,necklace,4,1_4_019.png,218.72
Chanel,1,necklace,4,1_4_020.png,226.67
Chanel,1,necklace,4,1_4_021.png,48.39
Chanel,1,necklace,4,1_4_022.png,283.98
Chanel,1,necklace,4,1_4_023.png,127.44
Chanel,1,necklace,4,1_4_024.png,172.88
Chanel,1,necklace,4,1_4_025.png,12.41
Chanel,1,necklace,4,1_4_026.png,115.4
Chanel,1,necklace,4,1_4_027.png,134.07
Chanel,1,necklace,4,1_4_028.png,132.35
Chanel,1,necklace,4,1_4_029.png,33.42
Chanel,1,necklace,4,1_4_030.png,294.76
Chanel,1,necklace,4,1_4_031.png,225.93
Chanel,1,necklace,4,1_4_032.png,219.54
Chanel,1,necklace,4,1_4_033.png,161.85
Chanel,1,necklace,4,1_4_034.png,232.3
Chanel,1,necklace,4,1_4_035.png,194.16
Chanel,1,necklace,4,1_4_036.png,97.4
Chanel,1,necklace,4,1_4_037.png,252.54
Chanel,1,necklace,4,1_4_038.png,189.71
Chanel,1,necklace,4,1_4_039.png,70.27
Chanel,1,necklace,4,1_4_040.png,32.62
Chanel,1,necklace,4,1_4_041.png,205.2
Chanel,1,necklace,4,1_4_042.png,219.88
Chanel,1,watches,5,1_5_001.png,33.09
Chanel,1,watches,5,1_5_002.png,64.58
Chanel,1,watches,5,1_5_003.png,216.52
Chanel,1,watches,5,1_5_004.png,60.82
Chanel,1,watches,5,1_5_005.png,97.62
Chanel,1,watches,5,1_5_006.png,69.12
Chanel,1,watches,5,1_5_007.png,290.49
Chanel,1,watches,5,1_5_008.png,195.97
Chanel,1,watches,5,1_5_009.png,237.35
Chanel,1,watches,5,1_5_010.png,231.1
Chanel,1,watches,5,1_5_011.png,124.9
Chanel,1,watches,5,1_5_012.png,270.2
Chanel,1,watches,5,1_5_013.png,264.92
Chanel,1,watches,5,1_5_014.png,6.63
Chanel,1,watches,5,1_5_015.png,57.72
Chanel,1,watches,5,1_5_016.png,284.63
Chanel,1,watches,5,1_5_017.png,141.34
Chanel,1,watches,5,1_5_018.png,155.99
Chanel,1,watches,5,1_5_019.png,151.04
Chanel,1,watches,5,1_5_020.png,25.4
Chanel,1,watches,5,1_5_021.png,64.64
Chanel,1,watches,5,1_5_022.png,270.57
Chanel,1,watches,5,1_5_023.png,36.18
Chanel,1,watches,5,1_5_024.png,50.2
Chanel,1,watches,5,1_5_025.png,123.78
Chanel,1,watches,5,1_5_026.png,45.45
Chanel,1,watches,5,1_5_027.png,15.3
Chanel,1,watches,5,1_5_028.png,295.06
Chanel,1,watches,5,1_5_029.png,287.54
Chanel,1,watches,5,1_5_030.png,288.88
Chanel,1,watches,5,1_5_031.png,125.24
Chanel,1,watches,5,1_5_032.png,293.95
Chanel,1,watches,5,1_5_033.png,283.09
Chanel,1,watches,5,1_5_034.png,195.78
Chanel,1,watches,5,1_5_035.png,214.31
Chanel,1,ring,6,1_6_001.png,12.26
Chanel,1,ring,6,1_6_002.png,98.81
Chanel,1,ring,6,1_6_003.png,213.04
Chanel,1,ring,6,1_6_004.png,202.26
Chanel,1,ring,6,1_6_005.png,241.59
Chanel,1,ring,6,1_6_006.png,187.37
Chanel,1,ring,6,1_6_007.png,25.46
Chanel,1,ring,6,1_6_008.png,234.59
Chanel,1,ring,6,1_6_009.png,62.3
Chanel,1,ring,6,1_6_010.png,30.4
Chanel,1,ring,6,1_6_011.png,92.98
Chanel,1,ring,6,1_6_012.png,156.31
Chanel,1,ring,6,1_6_013.png,249.84
Chanel,1,ring,6,1_6_014.png,298.42
Chanel,1,ring,6,1_6_015.png,209.94
Chanel,1,ring,6,1_6_016.png,36.36
Chanel,1,ring,6,1_6_017.png,140.02
Chanel,1,ring,6,1_6_018.png,1.87
Chanel,1,ring,6,1_6_019.png,28.63
Chanel,1,ring,6,1_6_020.png,222.87
Chanel,1,ring,6,1_6_021.png,188.13
Chanel,1,ring,6,1_6_022.png,194.11
Chanel,1,ring,6,1_6_023.png,180.61
Chanel,1,ring,6,1_6_024.png,203.93
Chanel,1,ring,6,1_6_025.png,99.75
Chanel,1,ring,6,1_6_026.png,19.18
Chanel,1,ring,6,1_6_027.png,168.63
Chanel,1,ring,6,1_6_028.png,125.53
Chanel,1,ring,6,1_6_029.png,54.24
Chanel,1,bracelet,7,1_7_001.png,91.29
Chanel,1,bracelet,7,1_7_002.png,20.58
Chanel,1,bracelet,7,1_7_003.png,198.72
Chanel,1,bracelet,7,1_7_004.png,43.61
Chanel,1,bracelet,7,1_7_005.png,285.51
Chanel,1,bracelet,7,1_7_006.png,84.73
Chanel,1,bracelet,7,1_7_007.png,4.3
Chanel,1,bracelet,7,1_7_008.png,50.95
Chanel,1,bracelet,7,1_7_009.png,129.16
Chanel,1,bracelet,7,1_7_010.png,54.68
Chanel,1,bracelet,7,1_7_011.png,15.74
Chanel,1,bracelet,7,1_7_012.png,10.91
Chanel,1,bracelet,7,1_7_013.png,140.52
Chanel,1,bracelet,7,1_7_014.png,28.01
Chanel,1,bracelet,7,1_7_015.png,170.22
Chanel,1,bracelet,7,1_7_016.png,185.35
Chanel,1,bracelet,7,1_7_017.png,274.11
Chanel,1,bracelet,7,1_7_018.png,192.6
Chanel,1,bracelet,7,1_7_019.png,91.66
Chanel,1,bracelet,7,1_7_020.png,0.92
Chanel,1,bracelet,7,1_7_021.png,241.01
Chanel,1,boots,8,1_8_001.png,212.21
Chanel,1,boots,8,1_8_002.png,2.07
Chanel,1,boots,8,1_8_003.png,97.83
Chanel,1,boots,8,1_8_004.png,283.12
Chanel,1,boots,8,1_8_005.png,190.8
Chanel,1,boots,8,1_8_006.png,92.44
Chanel,1,boots,8,1_8_007.png,258.92
Chanel,1,boots,8,1_8_008.png,272.72
Chanel,1,boots,8,1_8_009.png,242.92
Chanel,1,boots,8,1_8_010.png,97.9
Chanel,1,boots,8,1_8_011.png,74.59
Chanel,1,boots,8,1_8_012.png,192.13
Chanel,1,boots,8,1_8_013.png,55.46
Chanel,1,boots,8,1_8_014.png,53.78
Chanel,1,boots,8,1_8_015.png,253.69
Chanel,1,boots,8,1_8_016.png,56.31
Chanel,1,boots,8,1_8_017.png,172.8
Chanel,1,boots,8,1_8_018.png,174.87
Chanel,1,boots,8,1_8_019.png,12.05
Chanel,1,boots,8,1_8_020.png,60.35
Chanel,1,boots,8,1_8_021.png,189.53
Chanel,1,boots,8,1_8_022.png,33.61
Chanel,1,boots,8,1_8_023.png,56.56
Chanel,1,boots,8,1_8_024.png,167.47
Chanel,1,boots,8,1_8_025.png,186.81
Chanel,1,boots,8,1_8_026.png,230.39
Chanel,1,boots,8,1_8_027.png,211.37
Chanel,1,boots,8,1_8_028.png,278.22
Chanel,1,boots,8,1_8_029.png,3.35
Chanel,1,boots,8,1_8_030.png,48.13
Chanel,1,boots,8,1_8_031.png,146.12
Chanel,1,boots,8,1_8_032.png,226.77
Chanel,1,earrings,9,1_9_001.png,111.56
Chanel,1,earrings,9,1_9_002.png,103.89
Chanel,1,earrings,9,1_9_003.png,211.94
Chanel,1,earrings,9,1_9_004.png,159.65
Chanel,1,earrings,9,1_9_005.png,97.03
Chanel,1,earrings,9,1_9_006.png,136.37
Chanel,1,earrings,9,1_9_007.png,81.64
Chanel,1,earrings,9,1_9_008.png,213.68
Chanel,1,earrings,9,1_9_009.png,180.59
Chanel,1,earrings,9,1_9_010.png,177.63
Chanel,1,earrings,9,1_9_011.png,132.41
Chanel,1,earrings,9,1_9_012.png,175.66
Chanel,1,earrings,9,1_9_013.png,227.71
Chanel,1,earrings,9,1_9_014.png,11.74
Chanel,1,earrings,9,1_9_015.png,180.2
Chanel,1,earrings,9,1_9_016.png,271.4
Chanel,1,earrings,9,1_9_017.png,298.29
Chanel,1,earrings,9,1_9_018.png,206.97
Chanel,1,earrings,9,1_9_019.png,184.04
Chanel,1,earrings,9,1_9_020.png,276.85
Chanel,1,earrings,9,1_9_021.png,172.69
Chanel,1,earrings,9,1_9_022.png,217.47
Chanel,1,earrings,9,1_9_023.png,18.57
Chanel,1,earrings,9,1_9_024.png,164.45
Chanel,1,earrings,9,1_9_025.png,227.3
Chanel,1,earrings,9,1_9_026.png,30.59
Chanel,1,earrings,9,1_9_027.png,41.86
Chanel,1,earrings,9,1_9_028.png,178.87
Chanel,1,earrings,9,1_9_029.png,77.33
Chanel,1,earrings,9,1_9_030.png,99.67
Dolce & Gabbana,2,shoes,0,2_0_001.png,225.96
Dolce & Gabbana,2,shoes,0,2_0_002.png,101.06
Dolce & Gabbana,2,shoes,0,2_0_003.png,218.96
Dolce & Gabbana,2,shoes,0,2_0_004.png,289.97
Dolce & Gabbana,2,shoes,0,2_0_005.png,251.98
Dolce & Gabbana,2,shoes,0,2_0_006.png,200.52
Dolce & Gabbana,2,shoes,0,2_0_007.png,232.75
Dolce & Gabbana,2,shoes,0,2_0_008.png,239.67
Dolce & Gabbana,2,shoes,0,2_0_009.png,152.23
Dolce & Gabbana,2,shoes,0,2_0_010.png,125.14
Dolce & Gabbana,2,shoes,0,2_0_011.png,152.14
Dolce & Gabbana,2,shoes,0,2_0_012.png,16.52
Dolce & Gabbana,2,shoes,0,2_0_013.png,20.81
Dolce & Gabbana,2,shoes,0,2_0_014.png,121.04
Dolce & Gabbana,2,shoes,0,2_0_015.png,23.34
Dolce & Gabbana,2,shoes,0,2_0_016.png,98.66
Dolce & Gabbana,2,shoes,0,2_0_017.png,64.01
Dolce & Gabbana,2,shoes,0,2_0_018.png,196.44
Dolce & Gabbana,2,shoes,0,2_0_019.png,199.21
Dolce & Gabbana,2,shoes,0,2_0_020.png,1.63
Dolce & Gabbana,2,shoes,0,2_0_021.png,268.48
Dolce & Gabbana,2,shoes,0,2_0_022.png,7.08
Dolce & Gabbana,2,shoes,0,2_0_023.png,19.07
Dolce & Gabbana,2,shoes,0,2_0_024.png,184.82
Dolce & Gabbana,2,shoes,0,2_0_025.png,58.14
Dolce & Gabbana,2,shoes,0,2_0_026.png,40.6
Dolce & Gabbana,2,shoes,0,2_0_027.png,102.36
Dolce & Gabbana,2,shoes,0,2_0_028.png,6.71
Dolce & Gabbana,2,shoes,0,2_0_029.png,168.97
Dolce & Gabbana,2,shoes,0,2_0_030.png,193.61
Dolce & Gabbana,2,shoes,0,2_0_031.png,163.54
Dolce & Gabbana,2,shoes,0,2_0_032.png,228.66
Dolce & Gabbana,2,shoes,0,2_0_033.png,28.14
Dolce & Gabbana,2,shoes,0,2_0_034.png,240.97
Dolce & Gabbana,2,shoes,0,2_0_035.png,147.47
Dolce & Gabbana,2,shoes,0,2_0_036.png,156.08
Dolce & Gabbana,2,shoes,0,2_0_037.png,223.67
Dolce & Gabbana,2,shoes,0,2_0_038.png,205.16
Dolce & Gabbana,2,shoes,0,2_0_039.png,236.21
Dolce & Gabbana,2,shoes,0,2_0_040.png,59.51
Dolce & Gabbana,2,shoes,0,2_0_041.png,248.57
Dolce & Gabbana,2,shoes,0,2_0_042.png,151.09
Dolce & Gabbana,2,shoes,0,2_0_043.png,236.08
Dolce & Gabbana,2,shoes,0,2_0_044.png,277.69
Dolce & Gabbana,2,shoes,0,2_0_045.png,118.57
Dolce & Gabbana,2,shoes,0,2_0_046.png,54.59
Dolce & Gabbana,2,shoes,0,2_0_047.png,138.68
Dolce & Gabbana,2,shoes,0,2_0_048.png,41.7
Dolce & Gabbana,2,shoes,0,2_0_049.png,249.24
Dolce & Gabbana,2,shoes,0,2_0_050.png,92.04
Dolce & Gabbana,2,shoes,0,2_0_051.png,266.11
Dolce & Gabbana,2,shoes,0,2_0_052.png,231.78
Dolce & Gabbana,2,shoes,0,2_0_053.png,203.27
Dolce & Gabbana,2,shoes,0,2_0_054.png,221.54
Dolce & Gabbana,2,shoes,0,2_0_055.png,294.86
Dolce & Gabbana,2,shoes,0,2_0_056.png,97.6
Dolce & Gabbana,2,shoes,0,2_0_057.png,229.8
Dolce & Gabbana,2,shoes,0,2_0_058.png,234.19
Dolce & Gabbana,2,shoes,0,2_0_059.png,186.67
Dolce & Gabbana,2,shoes,0,2_0_060.png,286.2
Dolce & Gabbana,2,shoes,0,2_0_061.png,119.4
Dolce & Gabbana,2,shoes,0,2_0_062.png,270.23
Dolce & Gabbana,2,shoes,0,2_0_063.png,193.85
Dolce & Gabbana,2,shoes,0,2_0_064.png,197.48
Dolce & Gabbana,2,shoes,0,2_0_065.png,166.67
Dolce & Gabbana,2,shoes,0,2_0_066.png,38.01
Dolce & Gabbana,2,shoes,0,2_0_067.png,94.45
Dolce & Gabbana,2,shoes,0,2_0_068.png,166.62
Dolce & Gabbana,2,shoes,0,2_0_069.png,244.4
Dolce & Gabbana,2,shoes,0,2_0_070.png,26.33
Dolce & Gabbana,2,shoes,0,2_0_071.png,161.41
Dolce & Gabbana,2,lipstick,1,2_1_001.png,14.82
Dolce & Gabbana,2,lipstick,1,2_1_002.png,34.04
Dolce & Gabbana,2,lipstick,1,2_1_003.png,245.56
Dolce & Gabbana,2,lipstick,1,2_1_004.png,231.75
Dolce & Gabbana,2,lipstick,1,2_1_005.png,61.09
Dolce & Gabbana,2,lipstick,1,2_1_006.png,125.12
Dolce & Gabbana,2,lipstick,1,2_1_007.png,128.78
Dolce & Gabbana,2,lipstick,1,2_1_008.png,177.79
Dolce & Gabbana,2,lipstick,1,2_1_009.png,76.72
Dolce & Gabbana,2,lipstick,1,2_1_010.png,116.45
Dolce & Gabbana,2,lipstick,1,2_1_011.png,51.37
Dolce & Gabbana,2,lipstick,1,2_1_012.png,126.68
Dolce & Gabbana,2,lipstick,1,2_1_013.png,190.6
Dolce & Gabbana,2,lipstick,1,2_1_014.png,54.92
Dolce & Gabbana,2,lipstick,1,2_1_015.png,182.3
Dolce & Gabbana,2,lipstick,1,2_1_016.png,26.94
Dolce & Gabbana,2,lipstick,1,2_1_017.png,146.05
Dolce & Gabbana,2,lipstick,1,2_1_018.png,86.62
Dolce & Gabbana,2,lipstick,1,2_1_019.png,281.4
Dolce & Gabbana,2,lipstick,1,2_1_020.png,10.47
Dolce & Gabbana,2,lipstick,1,2_1_021.png,122.95
Dolce & Gabbana,2,lipstick,1,2_1_022.png,16.96
Dolce & Gabbana,2,lipstick,1,2_1_023.png,82.15
Dolce & Gabbana,2,lipstick,1,2_1_024.png,10.53
Dolce & Gabbana,2,lipstick,1,2_1_025.png,5.17
Dolce & Gabbana,2,lipstick,1,2_1_026.png,290.36
Dolce & Gabbana,2,lipstick,1,2_1_027.png,2.12
Dolce & Gabbana,2,lipstick,1,2_1_028.png,207.85
Dolce & Gabbana,2,lipstick,1,2_1_029.png,141.86
Dolce & Gabbana,2,lipstick,1,2_1_030.png,72.72
Dolce & Gabbana,2,lipstick,1,2_1_031.png,178.34
Dolce & Gabbana,2,lipstick,1,2_1_032.png,148.6
Dolce & Gabbana,2,lipstick,1,2_1_033.png,256.05
Dolce & Gabbana,2,lipstick,1,2_1_034.png,288.13
Dolce & Gabbana,2,lipstick,1,2_1_035.png,15.66
Dolce & Gabbana,2,lipstick,1,2_1_036.png,93.7
Dolce & Gabbana,2,lipstick,1,2_1_037.png,80.38
Dolce & Gabbana,2,lipstick,1,2_1_038.png,85.62
Dolce & Gabbana,2,handbag,2,2_2_001.png,70.78
Dolce & Gabbana,2,handbag,2,2_2_002.png,101.5
Dolce & Gabbana,2,handbag,2,2_2_003.png,268.75
Dolce & Gabbana,2,handbag,2,2_2_004.png,265.73
Dolce & Gabbana,2,handbag,2,2_2_005.png,264.7
Dolce & Gabbana,2,handbag,2,2_2_006.png,267.51
Dolce & Gabbana,2,handbag,2,2_2_007.png,104.44
Dolce & Gabbana,2,handbag,2,2_2_008.png,2.16
Dolce & Gabbana,2,handbag,2,2_2_009.png,197.82
Dolce & Gabbana,2,handbag,2,2_2_010.png,69.67
Dolce & Gabbana,2,handbag,2,2_2_011.png,120.08
Dolce & Gabbana,2,handbag,2,2_2_012.png,132.76
Dolce & Gabbana,2,handbag,2,2_2_013.png,231.49
Dolce & Gabbana,2,handbag,2,2_2_014.png,176.97
Dolce & Gabbana,2,handbag,2,2_2_015.png,251.82
Dolce & Gabbana,2,handbag,2,2_2_016.png,231.88
Dolce & Gabbana,2,handbag,2,2_2_017.png,34.9
Dolce & Gabbana,2,handbag,2,2_2_018.png,109.39
Dolce & Gabbana,2,handbag,2,2_2_019.png,59.19
Dolce & Gabbana,2,handbag,2,2_2_020.png,119.56
Dolce & Gabbana,2,handbag,2,2_2_021.png,237.72
Dolce & Gabbana,2,handbag,2,2_2_022.png,51.37
Dolce & Gabbana,2,handbag,2,2_2_023.png,129.7
Dolce & Gabbana,2,handbag,2,2_2_024.png,167.76
Dolce & Gabbana,2,handbag,2,2_2_025.png,151.67
Dolce & Gabbana,2,handbag,2,2_2_026.png,26.56
Dolce & Gabbana,2,handbag,2,2_2_027.png,209.02
Dolce & Gabbana,2,handbag,2,2_2_028.png,252
Dolce & Gabbana,2,handbag,2,2_2_029.png,15.05
Dolce & Gabbana,2,handbag,2,2_2_030.png,2.47
Dolce & Gabbana,2,handbag,2,2_2_031.png,51.03
Dolce & Gabbana,2,handbag,2,2_2_032.png,235.9
Dolce & Gabbana,2,handbag,2,2_2_033.png,19.34
Dolce & Gabbana,2,handbag,2,2_2_034.png,199.34
Dolce & Gabbana,2,handbag,2,2_2_035.png,177.1
Dolce & Gabbana,2,handbag,2,2_2_036.png,267.06
Dolce & Gabbana,2,handbag,2,2_2_037.png,212.56
Dolce & Gabbana,2,handbag,2,2_2_038.png,222.18
Dolce & Gabbana,2,handbag,2,2_2_039.png,197.53
Dolce & Gabbana,2,handbag,2,2_2_040.png,263.93
Dolce & Gabbana,2,handbag,2,2_2_041.png,118.35
Dolce & Gabbana,2,handbag,2,2_2_042.png,292.66
Dolce & Gabbana,2,handbag,2,2_2_043.png,206.09
Dolce & Gabbana,2,handbag,2,2_2_044.png,255.15
Dolce & Gabbana,2,handbag,2,2_2_045.png,107.52
Dolce & Gabbana,2,handbag,2,2_2_046.png,86.96
Dolce & Gabbana,2,handbag,2,2_2_047.png,168.42
Dolce & Gabbana,2,handbag,2,2_2_048.png,157.83
Dolce & Gabbana,2,handbag,2,2_2_049.png,191.7
Dolce & Gabbana,2,handbag,2,2_2_050.png,94.5
Dolce & Gabbana,2,handbag,2,2_2_051.png,209.27
Dolce & Gabbana,2,handbag,2,2_2_052.png,163.08
Dolce & Gabbana,2,handbag,2,2_2_053.png,152.79
Dolce & Gabbana,2,handbag,2,2_2_054.png,175.44
Dolce & Gabbana,2,handbag,2,2_2_055.png,216.94
Dolce & Gabbana,2,handbag,2,2_2_056.png,189.07
Dolce & Gabbana,2,handbag,2,2_2_057.png,142.11
Dolce & Gabbana,2,handbag,2,2_2_058.png,25.83
Dolce & Gabbana,2,handbag,2,2_2_059.png,255.9
Dolce & Gabbana,2,handbag,2,2_2_060.png,91.39
Dolce & Gabbana,2,handbag,2,2_2_061.png,286.17
Dolce & Gabbana,2,handbag,2,2_2_062.png,93.21
Dolce & Gabbana,2,handbag,2,2_2_063.png,266.44
Dolce & Gabbana,2,handbag,2,2_2_064.png,150.63
Dolce & Gabbana,2,handbag,2,2_2_065.png,191.34
Dolce & Gabbana,2,handbag,2,2_2_066.png,148.27
Dolce & Gabbana,2,handbag,2,2_2_067.png,204.5
Dolce & Gabbana,2,handbag,2,2_2_068.png,292.33
Dolce & Gabbana,2,nail polish,3,2_3_001.png,4.76
Dolce & Gabbana,2,nail polish,3,2_3_002.png,162.12
Dolce & Gabbana,2,nail polish,3,2_3_003.png,268.88
Dolce & Gabbana,2,nail polish,3,2_3_004.png,177.33
Dolce & Gabbana,2,nail polish,3,2_3_005.png,85.44
Dolce & Gabbana,2,nail polish,3,2_3_006.png,163.66
Dolce & Gabbana,2,nail polish,3,2_3_007.png,114
Dolce & Gabbana,2,nail polish,3,2_3_008.png,113.89
Dolce & Gabbana,2,nail polish,3,2_3_009.png,193.09
Dolce & Gabbana,2,nail polish,3,2_3_010.png,10.64
Dolce & Gabbana,2,nail polish,3,2_3_011.png,96.49
Dolce & Gabbana,2,nail polish,3,2_3_012.png,282.12
Dolce & Gabbana,2,nail polish,3,2_3_013.png,2.34
Dolce & Gabbana,2,nail polish,3,2_3_014.png,11.14
Dolce & Gabbana,2,necklace,4,2_4_001.png,87.98
Dolce & Gabbana,2,necklace,4,2_4_002.png,34.15
Dolce & Gabbana,2,necklace,4,2_4_003.png,122.28
Dolce & Gabbana,2,necklace,4,2_4_004.png,31.39
Dolce & Gabbana,2,necklace,4,2_4_005.png,3.17
Dolce & Gabbana,2,necklace,4,2_4_006.png,69.69
Dolce & Gabbana,2,necklace,4,2_4_007.png,224.66
Dolce & Gabbana,2,necklace,4,2_4_008.png,49.38
Dolce & Gabbana,2,necklace,4,2_4_009.png,280.69
Dolce & Gabbana,2,necklace,4,2_4_010.png,126.13
Dolce & Gabbana,2,necklace,4,2_4_011.png,105.33
Dolce & Gabbana,2,necklace,4,2_4_012.png,26.6
Dolce & Gabbana,2,necklace,4,2_4_013.png,120.73
Dolce & Gabbana,2,necklace,4,2_4_014.png,91.78
Dolce & Gabbana,2,necklace,4,2_4_015.png,260.99
Dolce & Gabbana,2,necklace,4,2_4_016.png,35.88
Dolce & Gabbana,2,necklace,4,2_4_017.png,239.06
Dolce & Gabbana,2,necklace,4,2_4_018.png,230.34
Dolce & Gabbana,2,watches,5,2_5_001.png,104
Dolce & Gabbana,2,watches,5,2_5_002.png,16.32
Dolce & Gabbana,2,watches,5,2_5_003.png,189.77
Dolce & Gabbana,2,watches,5,2_5_004.png,48.17
Dolce & Gabbana,2,watches,5,2_5_005.png,129.91
Dolce & Gabbana,2,watches,5,2_5_006.png,246.71
Dolce & Gabbana,2,watches,5,2_5_007.png,109.67
Dolce & Gabbana,2,watches,5,2_5_008.png,186.76
Dolce & Gabbana,2,watches,5,2_5_009.png,33.97
Dolce & Gabbana,2,watches,5,2_5_010.png,82.56
Dolce & Gabbana,2,ring,6,2_6_001.png,120.32
Dolce & Gabbana,2,ring,6,2_6_002.png,245.62
Dolce & Gabbana,2,ring,6,2_6_003.png,135.25
Dolce & Gabbana,2,ring,6,2_6_004.png,86.45
Dolce & Gabbana,2,ring,6,2_6_005.png,296.28
Dolce & Gabbana,2,ring,6,2_6_006.png,16.97
Dolce & Gabbana,2,ring,6,2_6_007.png,220.7
Dolce & Gabbana,2,bracelet,7,2_7_001.png,134.15
Dolce & Gabbana,2,bracelet,7,2_7_002.png,52.35
Dolce & Gabbana,2,bracelet,7,2_7_003.png,176.81
Dolce & Gabbana,2,bracelet,7,2_7_004.png,118.31
Dolce & Gabbana,2,bracelet,7,2_7_005.png,253.06
Dolce & Gabbana,2,boots,8,2_8_001.png,209
Dolce & Gabbana,2,boots,8,2_8_002.png,258.9
Dolce & Gabbana,2,boots,8,2_8_003.png,261.78
Dolce & Gabbana,2,boots,8,2_8_004.png,98.83
Dolce & Gabbana,2,boots,8,2_8_005.png,88.84
Dolce & Gabbana,2,boots,8,2_8_006.png,25.5
Dolce & Gabbana,2,boots,8,2_8_007.png,263.12
Dolce & Gabbana,2,boots,8,2_8_008.png,266.3
Dolce & Gabbana,2,boots,8,2_8_009.png,169.35
Dolce & Gabbana,2,boots,8,2_8_010.png,121.1
Dolce & Gabbana,2,boots,8,2_8_011.png,60.07
Dolce & Gabbana,2,boots,8,2_8_012.png,122.2
Dolce & Gabbana,2,boots,8,2_8_013.png,130.58
Dolce & Gabbana,2,boots,8,2_8_014.png,174.31
Dolce & Gabbana,2,boots,8,2_8_015.png,134.54
Dolce & Gabbana,2,boots,8,2_8_016.png,264.77
Dolce & Gabbana,2,boots,8,2_8_017.png,226.45
Dolce & Gabbana,2,boots,8,2_8_018.png,186.89
Dolce & Gabbana,2,earrings,9,2_9_001.png,211.65
Dolce & Gabbana,2,earrings,9,2_9_002.png,187.3
Dolce & Gabbana,2,earrings,9,2_9_003.png,219.3
Dolce & Gabbana,2,earrings,9,2_9_004.png,261.18
Dolce & Gabbana,2,earrings,9,2_9_005.png,215.82
Dolce & Gabbana,2,earrings,9,2_9_006.png,289.58
Dolce & Gabbana,2,earrings,9,2_9_007.png,185.41
Dolce & Gabbana,2,earrings,9,2_9_008.png,31.16
Dolce & Gabbana,2,earrings,9,2_9_009.png,282.78
Dolce & Gabbana,2,earrings,9,2_9_010.png,9.23
Dolce & Gabbana,2,earrings,9,2_9_011.png,132.15
Dolce & Gabbana,2,earrings,9,2_9_012.png,230.48
Dolce & Gabbana,2,earrings,9,2_9_013.png,12.16
Dolce & Gabbana,2,earrings,9,2_9_014.png,218.99
Dolce & Gabbana,2,earrings,9,2_9_015.png,152.75
Dolce & Gabbana,2,earrings,9,2_9_016.png,218.3
Dolce & Gabbana,2,earrings,9,2_9_017.png,164.22
Dolce & Gabbana,2,earrings,9,2_9_018.png,230.68
Gucci,3,shoes,0,3_0_001.png,181.52
Gucci,3,shoes,0,3_0_002.png,153.2
Gucci,3,shoes,0,3_0_003.png,38.72
Gucci,3,shoes,0,3_0_004.png,1.2
Gucci,3,shoes,0,3_0_005.png,22.89
Gucci,3,shoes,0,3_0_006.png,287.71
Gucci,3,shoes,0,3_0_007.png,119.29
Gucci,3,shoes,0,3_0_008.png,18.71
Gucci,3,shoes,0,3_0_009.png,198.71
Gucci,3,shoes,0,3_0_010.png,174.46
Gucci,3,shoes,0,3_0_011.png,227.92
Gucci,3,shoes,0,3_0_012.png,84.71
Gucci,3,shoes,0,3_0_013.png,28.17
Gucci,3,shoes,0,3_0_014.png,280.87
Gucci,3,shoes,0,3_0_015.png,73.49
Gucci,3,shoes,0,3_0_016.png,3.84
Gucci,3,shoes,0,3_0_017.png,17.23
Gucci,3,shoes,0,3_0_018.png,209.77
Gucci,3,shoes,0,3_0_019.png,87.9
Gucci,3,shoes,0,3_0_020.png,107.84
Gucci,3,shoes,0,3_0_021.png,268.34
Gucci,3,shoes,0,3_0_022.png,19.27
Gucci,3,shoes,0,3_0_023.png,248.09
Gucci,3,shoes,0,3_0_024.png,233.61
Gucci,3,shoes,0,3_0_025.png,103.46
Gucci,3,shoes,0,3_0_026.png,27.64
Gucci,3,shoes,0,3_0_027.png,199.31
Gucci,3,shoes,0,3_0_028.png,63.9
Gucci,3,shoes,0,3_0_029.png,233.65
Gucci,3,shoes,0,3_0_030.png,86.19
Gucci,3,shoes,0,3_0_031.png,57.02
Gucci,3,shoes,0,3_0_032.png,262.04
Gucci,3,shoes,0,3_0_033.png,238.02
Gucci,3,shoes,0,3_0_034.png,198.09
Gucci,3,shoes,0,3_0_035.png,272.75
Gucci,3,shoes,0,3_0_036.png,71.06
Gucci,3,shoes,0,3_0_037.png,144.77
Gucci,3,shoes,0,3_0_038.png,72.85
Gucci,3,shoes,0,3_0_039.png,120.1
Gucci,3,shoes,0,3_0_040.png,64.85
Gucci,3,shoes,0,3_0_041.png,35.31
Gucci,3,shoes,0,3_0_042.png,207.35
Gucci,3,shoes,0,3_0_043.png,218.81
Gucci,3,shoes,0,3_0_044.png,173.19
Gucci,3,shoes,0,3_0_045.png,71.44
Gucci,3,shoes,0,3_0_046.png,248.05
Gucci,3,shoes,0,3_0_047.png,45.3
Gucci,3,shoes,0,3_0_048.png,86.01
Gucci,3,shoes,0,3_0_049.png,151.32
Gucci,3,shoes,0,3_0_050.png,228.99
Gucci,3,shoes,0,3_0_051.png,138.1
Gucci,3,shoes,0,3_0_052.png,187.75
Gucci,3,shoes,0,3_0_053.png,204.72
Gucci,3,shoes,0,3_0_054.png,6.5
Gucci,3,shoes,0,3_0_055.png,153.19
Gucci,3,shoes,0,3_0_056.png,240.2
Gucci,3,shoes,0,3_0_057.png,214.99
Gucci,3,shoes,0,3_0_058.png,136.79
Gucci,3,shoes,0,3_0_059.png,56.88
Gucci,3,shoes,0,3_0_060.png,284.52
Gucci,3,shoes,0,3_0_061.png,212.37
Gucci,3,shoes,0,3_0_062.png,3.94
Gucci,3,shoes,0,3_0_063.png,97.3
Gucci,3,shoes,0,3_0_064.png,290.84
Gucci,3,shoes,0,3_0_065.png,209.25
Gucci,3,shoes,0,3_0_066.png,6.13
Gucci,3,shoes,0,3_0_067.png,208.2
Gucci,3,shoes,0,3_0_068.png,212.79
Gucci,3,shoes,0,3_0_069.png,199.17
Gucci,3,shoes,0,3_0_070.png,127.64
Gucci,3,shoes,0,3_0_071.png,63.33
Gucci,3,shoes,0,3_0_072.png,95.69
Gucci,3,shoes,0,3_0_073.png,104.51
Gucci,3,shoes,0,3_0_074.png,99.33
Gucci,3,shoes,0,3_0_075.png,242.51
Gucci,3,shoes,0,3_0_076.png,178.89
Gucci,3,shoes,0,3_0_077.png,168.78
Gucci,3,shoes,0,3_0_078.png,126.25
Gucci,3,shoes,0,3_0_079.png,33.59
Gucci,3,shoes,0,3_0_080.png,220.1
Gucci,3,lipstick,1,3_1_001.png,109.27
Gucci,3,lipstick,1,3_1_002.png,152.79
Gucci,3,lipstick,1,3_1_003.png,220.2
Gucci,3,lipstick,1,3_1_004.png,55.05
Gucci,3,lipstick,1,3_1_005.png,191.98
Gucci,3,lipstick,1,3_1_006.png,175.79
Gucci,3,lipstick,1,3_1_007.png,201.48
Gucci,3,lipstick,1,3_1_008.png,131.93
Gucci,3,lipstick,1,3_1_009.png,61.89
Gucci,3,lipstick,1,3_1_010.png,170.56
Gucci,3,lipstick,1,3_1_011.png,198.75
Gucci,3,handbag,2,3_2_001.png,84.4
Gucci,3,handbag,2,3_2_002.png,11.82
Gucci,3,handbag,2,3_2_003.png,251.6
Gucci,3,handbag,2,3_2_004.png,257.18
Gucci,3,handbag,2,3_2_005.png,175.77
Gucci,3,handbag,2,3_2_006.png,27.38
Gucci,3,handbag,2,3_2_007.png,195.59
Gucci,3,handbag,2,3_2_008.png,233.66
Gucci,3,handbag,2,3_2_009.png,30.54
Gucci,3,handbag,2,3_2_010.png,224.43
Gucci,3,handbag,2,3_2_011.png,247.16
Gucci,3,handbag,2,3_2_012.png,3.7
Gucci,3,handbag,2,3_2_013.png,141.89
Gucci,3,handbag,2,3_2_014.png,39.91
Gucci,3,handbag,2,3_2_015.png,35.55
Gucci,3,handbag,2,3_2_016.png,106.2
Gucci,3,handbag,2,3_2_017.png,115.58
Gucci,3,handbag,2,3_2_018.png,164.23
Gucci,3,handbag,2,3_2_019.png,59.63
Gucci,3,handbag,2,3_2_020.png,70.47
Gucci,3,handbag,2,3_2_021.png,129.8
Gucci,3,handbag,2,3_2_022.png,22.89
Gucci,3,handbag,2,3_2_023.png,31.92
Gucci,3,handbag,2,3_2_024.png,269.69
Gucci,3,handbag,2,3_2_025.png,284.33
Gucci,3,handbag,2,3_2_026.png,241.93
Gucci,3,handbag,2,3_2_027.png,142.05
Gucci,3,handbag,2,3_2_028.png,123.67
Gucci,3,handbag,2,3_2_029.png,81.85
Gucci,3,handbag,2,3_2_030.png,196.01
Gucci,3,handbag,2,3_2_031.png,274.82
Gucci,3,handbag,2,3_2_032.png,173.74
Gucci,3,handbag,2,3_2_033.png,88.5
Gucci,3,handbag,2,3_2_034.png,216.48
Gucci,3,handbag,2,3_2_035.png,212.35
Gucci,3,handbag,2,3_2_036.png,95.46
Gucci,3,handbag,2,3_2_037.png,269.46
Gucci,3,handbag,2,3_2_038.png,194.19
Gucci,3,handbag,2,3_2_039.png,34.8
Gucci,3,handbag,2,3_2_040.png,230.48
Gucci,3,handbag,2,3_2_041.png,30.15
Gucci,3,handbag,2,3_2_042.png,88.86
Gucci,3,handbag,2,3_2_043.png,200.78
Gucci,3,handbag,2,3_2_044.png,88.58
Gucci,3,handbag,2,3_2_045.png,12.55
Gucci,3,handbag,2,3_2_046.png,267.33
Gucci,3,handbag,2,3_2_047.png,267.5
Gucci,3,handbag,2,3_2_048.png,48.24
Gucci,3,handbag,2,3_2_049.png,187.62
Gucci,3,handbag,2,3_2_050.png,113.03
Gucci,3,handbag,2,3_2_051.png,92.06
Gucci,3,handbag,2,3_2_052.png,121.72
Gucci,3,handbag,2,3_2_053.png,67.58
Gucci,3,handbag,2,3_2_054.png,24.51
Gucci,3,handbag,2,3_2_055.png,236.37
Gucci,3,handbag,2,3_2_056.png,217.23
Gucci,3,handbag,2,3_2_057.png,242.26
Gucci,3,handbag,2,3_2_058.png,277.74
Gucci,3,handbag,2,3_2_059.png,58.1
Gucci,3,handbag,2,3_2_060.png,17.89
Gucci,3,handbag,2,3_2_061.png,117.67
Gucci,3,handbag,2,3_2_062.png,84.27
Gucci,3,handbag,2,3_2_063.png,288.22
Gucci,3,handbag,2,3_2_064.png,124.32
Gucci,3,handbag,2,3_2_065.png,51.5
Gucci,3,handbag,2,3_2_066.png,268.27
Gucci,3,handbag,2,3_2_067.png,147.74
Gucci,3,handbag,2,3_2_068.png,252.72
Gucci,3,nail polish,3,3_3_001.png,119.89
Gucci,3,nail polish,3,3_3_002.png,217.62
Gucci,3,nail polish,3,3_3_003.png,189.64
Gucci,3,nail polish,3,3_3_004.png,249.81
Gucci,3,nail polish,3,3_3_005.png,260.55
Gucci,3,nail polish,3,3_3_006.png,138.91
Gucci,3,nail polish,3,3_3_007.png,275.6
Gucci,3,nail polish,3,3_3_008.png,119.12
Gucci,3,nail polish,3,3_3_009.png,164.88
Gucci,3,necklace,4,3_4_001.png,23.76
Gucci,3,necklace,4,3_4_002.png,107.1
Gucci,3,necklace,4,3_4_003.png,253.05
Gucci,3,necklace,4,3_4_004.png,78.85
Gucci,3,necklace,4,3_4_005.png,290.56
Gucci,3,necklace,4,3_4_006.png,6.35
Gucci,3,necklace,4,3_4_007.png,255.57
Gucci,3,necklace,4,3_4_008.png,255.46
Gucci,3,necklace,4,3_4_009.png,53.52
Gucci,3,necklace,4,3_4_010.png,48.33
Gucci,3,necklace,4,3_4_011.png,257.07
Gucci,3,necklace,4,3_4_012.png,131.69
Gucci,3,necklace,4,3_4_013.png,82.47
Gucci,3,necklace,4,3_4_014.png,32.14
Gucci,3,necklace,4,3_4_015.png,113.41
Gucci,3,necklace,4,3_4_016.png,216.08
Gucci,3,necklace,4,3_4_017.png,91.35
Gucci,3,necklace,4,3_4_018.png,78.76
Gucci,3,necklace,4,3_4_019.png,165.17
Gucci,3,necklace,4,3_4_020.png,191.26
Gucci,3,necklace,4,3_4_021.png,138.94
Gucci,3,necklace,4,3_4_022.png,276.59
Gucci,3,watches,5,3_5_001.png,124.43
Gucci,3,watches,5,3_5_002.png,256.82
Gucci,3,watches,5,3_5_003.png,0.52
Gucci,3,watches,5,3_5_004.png,250.02
Gucci,3,watches,5,3_5_005.png,233.75
Gucci,3,watches,5,3_5_006.png,7.53
Gucci,3,watches,5,3_5_007.png,43.23
Gucci,3,watches,5,3_5_008.png,98.09
Gucci,3,watches,5,3_5_009.png,211.78
Gucci,3,watches,5,3_5_010.png,144.55
Gucci,3,watches,5,3_5_011.png,178.76
Gucci,3,watches,5,3_5_012.png,76.49
Gucci,3,watches,5,3_5_013.png,222.41
Gucci,3,watches,5,3_5_014.png,30.72
Gucci,3,watches,5,3_5_015.png,206.5
Gucci,3,watches,5,3_5_016.png,123.2
Gucci,3,watches,5,3_5_017.png,218.07
Gucci,3,watches,5,3_5_018.png,246.74
Gucci,3,watches,5,3_5_019.png,88.98
Gucci,3,watches,5,3_5_020.png,153.52
Gucci,3,watches,5,3_5_021.png,52.85
Gucci,3,watches,5,3_5_022.png,136.83
Gucci,3,watches,5,3_5_023.png,90.06
Gucci,3,watches,5,3_5_024.png,203.73
Gucci,3,watches,5,3_5_025.png,177.02
Gucci,3,watches,5,3_5_026.png,140.05
Gucci,3,ring,6,3_6_001.png,283.84
Gucci,3,ring,6,3_6_002.png,76.01
Gucci,3,ring,6,3_6_003.png,140.08
Gucci,3,ring,6,3_6_004.png,81.54
Gucci,3,ring,6,3_6_005.png,188.16
Gucci,3,ring,6,3_6_006.png,264.38
Gucci,3,ring,6,3_6_007.png,191.76
Gucci,3,ring,6,3_6_008.png,191.43
Gucci,3,ring,6,3_6_009.png,6.35
Gucci,3,ring,6,3_6_010.png,0.8
Gucci,3,ring,6,3_6_011.png,18.09
Gucci,3,ring,6,3_6_012.png,189.96
Gucci,3,ring,6,3_6_013.png,68.85
Gucci,3,ring,6,3_6_014.png,93.5
Gucci,3,ring,6,3_6_015.png,40.4
Gucci,3,ring,6,3_6_016.png,119.29
Gucci,3,ring,6,3_6_017.png,69.38
Gucci,3,ring,6,3_6_018.png,27.31
Gucci,3,ring,6,3_6_019.png,119.64
Gucci,3,ring,6,3_6_020.png,33.17
Gucci,3,ring,6,3_6_021.png,258.47
Gucci,3,ring,6,3_6_022.png,204.8
Gucci,3,ring,6,3_6_023.png,132.24
Gucci,3,ring,6,3_6_024.png,28.91
Gucci,3,ring,6,3_6_025.png,118.27
Gucci,3,ring,6,3_6_026.png,207.3
Gucci,3,ring,6,3_6_027.png,166.07
Gucci,3,ring,6,3_6_028.png,166.87
Gucci,3,ring,6,3_6_029.png,110.9
Gucci,3,ring,6,3_6_030.png,50
Gucci,3,ring,6,3_6_031.png,266.66
Gucci,3,ring,6,3_6_032.png,179.65
Gucci,3,ring,6,3_6_033.png,230.6
Gucci,3,ring,6,3_6_034.png,82.02
Gucci,3,ring,6,3_6_035.png,20.2
Gucci,3,ring,6,3_6_036.png,201.56
Gucci,3,ring,6,3_6_037.png,231.05
Gucci,3,ring,6,3_6_038.png,229.25
Gucci,3,ring,6,3_6_039.png,137.05
Gucci,3,ring,6,3_6_040.png,107.62
Gucci,3,ring,6,3_6_041.png,87.33
Gucci,3,ring,6,3_6_042.png,9.43
Gucci,3,ring,6,3_6_043.png,155.38
Gucci,3,ring,6,3_6_044.png,89.91
Gucci,3,ring,6,3_6_045.png,278.95
Gucci,3,ring,6,3_6_046.png,43.78
Gucci,3,ring,6,3_6_047.png,86.28
Gucci,3,bracelet,7,3_7_001.png,289.5
Gucci,3,bracelet,7,3_7_002.png,113.32
Gucci,3,bracelet,7,3_7_003.png,32.89
Gucci,3,bracelet,7,3_7_004.png,10.27
Gucci,3,bracelet,7,3_7_005.png,2.59
Gucci,3,bracelet,7,3_7_006.png,177.26
Gucci,3,bracelet,7,3_7_007.png,242.41
Gucci,3,bracelet,7,3_7_008.png,255.95
Gucci,3,bracelet,7,3_7_009.png,110.7
Gucci,3,bracelet,7,3_7_010.png,186.77
Gucci,3,bracelet,7,3_7_011.png,19.25
Gucci,3,bracelet,7,3_7_012.png,149.19
Gucci,3,bracelet,7,3_7_013.png,2.06
Gucci,3,bracelet,7,3_7_014.png,228.95
Gucci,3,bracelet,7,3_7_015.png,48.82
Gucci,3,bracelet,7,3_7_016.png,84.32
Gucci,3,bracelet,7,3_7_017.png,125.06
Gucci,3,bracelet,7,3_7_018.png,40.9
Gucci,3,bracelet,7,3_7_019.png,274.15
Gucci,3,bracelet,7,3_7_020.png,256.53
Gucci,3,bracelet,7,3_7_021.png,192.67
Gucci,3,bracelet,7,3_7_022.png,131.09
Gucci,3,bracelet,7,3_7_023.png,224.78
Gucci,3,bracelet,7,3_7_024.png,200.34
Gucci,3,bracelet,7,3_7_025.png,216.46
Gucci,3,bracelet,7,3_7_026.png,259.53
Gucci,3,bracelet,7,3_7_027.png,202.32
Gucci,3,bracelet,7,3_7_028.png,17.19
Gucci,3,bracelet,7,3_7_029.png,12.13
Gucci,3,bracelet,7,3_7_030.png,238.05
Gucci,3,boots,8,3_8_001.png,174.95
Gucci,3,boots,8,3_8_002.png,268.36
Gucci,3,boots,8,3_8_003.png,193.76
Gucci,3,boots,8,3_8_004.png,284.06
Gucci,3,boots,8,3_8_005.png,128.51
Gucci,3,boots,8,3_8_006.png,57.09
Gucci,3,boots,8,3_8_007.png,64.91
Gucci,3,boots,8,3_8_008.png,104.81
Gucci,3,boots,8,3_8_009.png,33.64
Gucci,3,boots,8,3_8_010.png,109.72
Gucci,3,boots,8,3_8_011.png,169.31
Gucci,3,boots,8,3_8_012.png,216.09
Gucci,3,boots,8,3_8_013.png,48.38
Gucci,3,boots,8,3_8_014.png,155.94
Gucci,3,boots,8,3_8_015.png,220.44
Gucci,3,earrings,9,3_9_001.png,100.1
Gucci,3,earrings,9,3_9_002.png,137.41
Gucci,3,earrings,9,3_9_003.png,213
Gucci,3,earrings,9,3_9_004.png,21.42
Gucci,3,earrings,9,3_9_005.png,130.83
Gucci,3,earrings,9,3_9_006.png,290.59
Gucci,3,earrings,9,3_9_007.png,259.08
Gucci,3,earrings,9,3_9_008.png,66.3
Gucci,3,earrings,9,3_9_009.png,92.25
Gucci,3,earrings,9,3_9_010.png,253.25
Gucci,3,earrings,9,3_9_011.png,206.1
Gucci,3,earrings,9,3_9_012.png,60.38
Gucci,3,earrings,9,3_9_013.png,139.66
Gucci,3,earrings,9,3_9_014.png,254.09
Gucci,3,earrings,9,3_9_015.png,12.04
Gucci,3,earrings,9,3_9_016.png,286.61
Gucci,3,earrings,9,3_9_017.png,165.39
Gucci,3,earrings,9,3_9_018.png,49.33
Gucci,3,earrings,9,3_9_019.png,106.53
Gucci,3,earrings,9,3_9_020.png,99.7
Gucci,3,earrings,9,3_9_021.png,112.02
Gucci,3,earrings,9,3_9_022.png,79.16
Gucci,3,earrings,9,3_9_023.png,182.45
Gucci,3,earrings,9,3_9_024.png,185.52
Gucci,3,earrings,9,3_9_025.png,186.24
Christian Dior,4,shoes,0,4_0_001.png,57.27
Christian Dior,4,shoes,0,4_0_002.png,210.18
Christian Dior,4,shoes,0,4_0_003.png,138.37
Christian Dior,4,shoes,0,4_0_004.png,113.97
Christian Dior,4,shoes,0,4_0_005.png,282.6
Christian Dior,4,shoes,0,4_0_006.png,74.46
Christian Dior,4,shoes,0,4_0_007.png,198.26
Christian Dior,4,shoes,0,4_0_008.png,189.99
Christian Dior,4,shoes,0,4_0_009.png,226.54
Christian Dior,4,shoes,0,4_0_010.png,78.33
Christian Dior,4,shoes,0,4_0_011.png,78.35
Christian Dior,4,shoes,0,4_0_012.png,57
Christian Dior,4,shoes,0,4_0_013.png,222.85
Christian Dior,4,shoes,0,4_0_014.png,65.74
Christian Dior,4,shoes,0,4_0_015.png,258.81
Christian Dior,4,shoes,0,4_0_016.png,96.99
Christian Dior,4,shoes,0,4_0_017.png,82.95
Christian Dior,4,shoes,0,4_0_018.png,238.52
Christian Dior,4,shoes,0,4_0_019.png,2.87
Christian Dior,4,shoes,0,4_0_020.png,213.19
Christian Dior,4,shoes,0,4_0_021.png,45.29
Christian Dior,4,shoes,0,4_0_022.png,221.64
Christian Dior,4,shoes,0,4_0_023.png,282.19
Christian Dior,4,shoes,0,4_0_024.png,219.47
Christian Dior,4,shoes,0,4_0_025.png,173.31
Christian Dior,4,shoes,0,4_0_026.png,0.99
Christian Dior,4,shoes,0,4_0_027.png,217.39
Christian Dior,4,shoes,0,4_0_028.png,195.52
Christian Dior,4,shoes,0,4_0_029.png,290.88
Christian Dior,4,shoes,0,4_0_030.png,36.09
Christian Dior,4,shoes,0,4_0_031.png,37.55
Christian Dior,4,shoes,0,4_0_032.png,58.58
Christian Dior,4,shoes,0,4_0_033.png,73.89
Christian Dior,4,shoes,0,4_0_034.png,17.12
Christian Dior,4,shoes,0,4_0_035.png,27.69
Christian Dior,4,shoes,0,4_0_036.png,18.47
Christian Dior,4,shoes,0,4_0_037.png,245.07
Christian Dior,4,shoes,0,4_0_038.png,86.83
Christian Dior,4,shoes,0,4_0_039.png,191.76
Christian Dior,4,shoes,0,4_0_040.png,245.05
Christian Dior,4,shoes,0,4_0_041.png,62.16
Christian Dior,4,shoes,0,4_0_042.png,185.72
Christian Dior,4,shoes,0,4_0_043.png,211.89
Christian Dior,4,shoes,0,4_0_044.png,117.88
Christian Dior,4,shoes,0,4_0_045.png,76.41
Christian Dior,4,lipstick,1,4_1_001.png,99.36
Christian Dior,4,lipstick,1,4_1_002.png,55.85
Christian Dior,4,lipstick,1,4_1_003.png,115.85
Christian Dior,4,lipstick,1,4_1_004.png,246.62
Christian Dior,4,lipstick,1,4_1_005.png,70.11
Christian Dior,4,lipstick,1,4_1_006.png,191.89
Christian Dior,4,lipstick,1,4_1_007.png,11.09
Christian Dior,4,lipstick,1,4_1_008.png,92.19
Christian Dior,4,lipstick,1,4_1_009.png,192.79
Christian Dior,4,lipstick,1,4_1_010.png,219.78
Christian Dior,4,lipstick,1,4_1_011.png,198.64
Christian Dior,4,lipstick,1,4_1_012.png,243.09
Christian Dior,4,lipstick,1,4_1_013.png,37.97
Christian Dior,4,lipstick,1,4_1_014.png,14
Christian Dior,4,lipstick,1,4_1_015.png,55.23
Christian Dior,4,lipstick,1,4_1_016.png,148.68
Christian Dior,4,lipstick,1,4_1_017.png,129.31
Christian Dior,4,lipstick,1,4_1_018.png,168.04
Christian Dior,4,lipstick,1,4_1_019.png,15.21
Christian Dior,4,lipstick,1,4_1_020.png,30.56
Christian Dior,4,lipstick,1,4_1_021.png,175.68
Christian Dior,4,lipstick,1,4_1_022.png,209.44
Christian Dior,4,lipstick,1,4_1_023.png,292.4
Christian Dior,4,lipstick,1,4_1_024.png,83.66
Christian Dior,4,lipstick,1,4_1_025.png,198.01
Christian Dior,4,lipstick,1,4_1_026.png,262.46
Christian Dior,4,lipstick,1,4_1_027.png,130.92
Christian Dior,4,lipstick,1,4_1_028.png,14.07
Christian Dior,4,lipstick,1,4_1_029.png,99.98
Christian Dior,4,lipstick,1,4_1_030.png,120.1
Christian Dior,4,lipstick,1,4_1_031.png,225.54
Christian Dior,4,lipstick,1,4_1_032.png,55.42
Christian Dior,4,lipstick,1,4_1_033.png,141.58
Christian Dior,4,lipstick,1,4_1_034.png,277.1
Christian Dior,4,lipstick,1,4_1_035.png,138.86
Christian Dior,4,lipstick,1,4_1_036.png,288.61
Christian Dior,4,lipstick,1,4_1_037.png,75.66
Christian Dior,4,lipstick,1,4_1_038.png,44.83
Christian Dior,4,lipstick,1,4_1_039.png,189.47
Christian Dior,4,lipstick,1,4_1_040.png,235.01
Christian Dior,4,lipstick,1,4_1_041.png,80.03
Christian Dior,4,lipstick,1,4_1_042.png,162.29
Christian Dior,4,lipstick,1,4_1_043.png,53.37
Christian Dior,4,lipstick,1,4_1_044.png,21.95
Christian Dior,4,lipstick,1,4_1_045.png,109.49
Christian Dior,4,lipstick,1,4_1_046.png,157.33
Christian Dior,4,lipstick,1,4_1_047.png,142.09
Christian Dior,4,lipstick,1,4_1_048.png,183.58
Christian Dior,4,lipstick,1,4_1_049.png,241.95
Christian Dior,4,lipstick,1,4_1_050.png,226.42
Christian Dior,4,lipstick,1,4_1_051.png,224.28
Christian Dior,4,lipstick,1,4_1_052.png,62.53
Christian Dior,4,lipstick,1,4_1_053.png,23.12
Christian Dior,4,lipstick,1,4_1_054.png,46.94
Christian Dior,4,lipstick,1,4_1_055.png,153.58
Christian Dior,4,lipstick,1,4_1_056.png,244.24
Christian Dior,4,handbag,2,4_2_001.png,172.18
Christian Dior,4,handbag,2,4_2_002.png,183.54
Christian Dior,4,handbag,2,4_2_003.png,195.96
Christian Dior,4,handbag,2,4_2_004.png,67.15
Christian Dior,4,handbag,2,4_2_005.png,221.22
Christian Dior,4,handbag,2,4_2_006.png,41.67
Christian Dior,4,handbag,2,4_2_007.png,160.3
Christian Dior,4,handbag,2,4_2_008.png,51.59
Christian Dior,4,handbag,2,4_2_009.png,103.82
Christian Dior,4,handbag,2,4_2_010.png,6.22
Christian Dior,4,handbag,2,4_2_011.png,136.99
Christian Dior,4,handbag,2,4_2_012.png,96.87
Christian Dior,4,handbag,2,4_2_013.png,175.36
Christian Dior,4,handbag,2,4_2_014.png,69.73
Christian Dior,4,handbag,2,4_2_015.png,276.36
Christian Dior,4,handbag,2,4_2_016.png,178.1
Christian Dior,4,handbag,2,4_2_017.png,219.07
Christian Dior,4,handbag,2,4_2_018.png,71.54
Christian Dior,4,handbag,2,4_2_019.png,218.01
Christian Dior,4,handbag,2,4_2_020.png,30.92
Christian Dior,4,handbag,2,4_2_021.png,62.93
Christian Dior,4,handbag,2,4_2_022.png,292.59
Christian Dior,4,handbag,2,4_2_023.png,264.94
Christian Dior,4,handbag,2,4_2_024.png,93.21
Christian Dior,4,handbag,2,4_2_025.png,164.3
Christian Dior,4,handbag,2,4_2_026.png,243.71
Christian Dior,4,handbag,2,4_2_027.png,59.79
Christian Dior,4,handbag,2,4_2_028.png,159.45
Christian Dior,4,handbag,2,4_2_029.png,18.92
Christian Dior,4,handbag,2,4_2_030.png,110.35
Christian Dior,4,handbag,2,4_2_031.png,215.4
Christian Dior,4,handbag,2,4_2_032.png,222.95
Christian Dior,4,handbag,2,4_2_033.png,59.67
Christian Dior,4,handbag,2,4_2_034.png,179.02
Christian Dior,4,handbag,2,4_2_035.png,223.68
Christian Dior,4,handbag,2,4_2_036.png,75.88
Christian Dior,4,handbag,2,4_2_037.png,142.02
Christian Dior,4,handbag,2,4_2_038.png,44.05
Christian Dior,4,handbag,2,4_2_039.png,236.14
Christian Dior,4,handbag,2,4_2_040.png,179.34
Christian Dior,4,handbag,2,4_2_041.png,287.69
Christian Dior,4,handbag,2,4_2_042.png,277.2
Christian Dior,4,handbag,2,4_2_043.png,84.84
Christian Dior,4,handbag,2,4_2_044.png,185.51
Christian Dior,4,handbag,2,4_2_045.png,261.95
Christian Dior,4,handbag,2,4_2_046.png,298.78
Christian Dior,4,handbag,2,4_2_047.png,89.22
Christian Dior,4,handbag,2,4_2_048.png,64.37
Christian Dior,4,handbag,2,4_2_049.png,47.83
Christian Dior,4,handbag,2,4_2_050.png,146.59
Christian Dior,4,handbag,2,4_2_051.png,243.69
Christian Dior,4,handbag,2,4_2_052.png,58.98
Christian Dior,4,handbag,2,4_2_053.png,282.2
Christian Dior,4,handbag,2,4_2_054.png,198.83
Christian Dior,4,handbag,2,4_2_055.png,233.9
Christian Dior,4,handbag,2,4_2_056.png,142.83
Christian Dior,4,handbag,2,4_2_057.png,275.38
Christian Dior,4,handbag,2,4_2_058.png,262.56
Christian Dior,4,handbag,2,4_2_059.png,74.71
Christian Dior,4,handbag,2,4_2_060.png,164.8
Christian Dior,4,handbag,2,4_2_061.png,280.55
Christian Dior,4,handbag,2,4_2_062.png,218.01
Christian Dior,4,handbag,2,4_2_063.png,85.79
Christian Dior,4,handbag,2,4_2_064.png,163.05
Christian Dior,4,handbag,2,4_2_065.png,11.61
Christian Dior,4,handbag,2,4_2_066.png,98.85
Christian Dior,4,handbag,2,4_2_067.png,287.59
Christian Dior,4,handbag,2,4_2_068.png,205.43
Christian Dior,4,handbag,2,4_2_069.png,91.58
Christian Dior,4,nail polish,3,4_3_001.png,7.95
Christian Dior,4,nail polish,3,4_3_002.png,252.24
Christian Dior,4,nail polish,3,4_3_003.png,271.52
Christian Dior,4,nail polish,3,4_3_004.png,42.04
Christian Dior,4,nail polish,3,4_3_005.png,3.84
Christian Dior,4,nail polish,3,4_3_006.png,73.44
Christian Dior,4,nail polish,3,4_3_007.png,222.64
Christian Dior,4,nail polish,3,4_3_008.png,254.96
Christian Dior,4,nail polish,3,4_3_009.png,198.86
Christian Dior,4,nail polish,3,4_3_010.png,84.46
Christian Dior,4,nail polish,3,4_3_011.png,158.54
Christian Dior,4,nail polish,3,4_3_012.png,235.57
Christian Dior,4,nail polish,3,4_3_013.png,205.86
Christian Dior,4,nail polish,3,4_3_014.png,158.13
Christian Dior,4,nail polish,3,4_3_015.png,196.85
Christian Dior,4,nail polish,3,4_3_016.png,165.75
Christian Dior,4,nail polish,3,4_3_017.png,269.28
Christian Dior,4,nail polish,3,4_3_018.png,22.47
Christian Dior,4,nail polish,3,4_3_019.png,219.59
Christian Dior,4,nail polish,3,4_3_020.png,188.94
Christian Dior,4,nail polish,3,4_3_021.png,120.24
Christian Dior,4,nail polish,3,4_3_022.png,148.79
Christian Dior,4,nail polish,3,4_3_023.png,86.88
Christian Dior,4,nail polish,3,4_3_024.png,101.41
Christian Dior,4,nail polish,3,4_3_025.png,66.74
Christian Dior,4,nail polish,3,4_3_026.png,87.92
Christian Dior,4,nail polish,3,4_3_027.png,221.51
Christian Dior,4,nail polish,3,4_3_028.png,10.97
Christian Dior,4,nail polish,3,4_3_029.png,116.61
Christian Dior,4,nail polish,3,4_3_030.png,296.34
Christian Dior,4,nail polish,3,4_3_031.png,279.88
Christian Dior,4,necklace,4,4_4_001.png,274.26
Christian Dior,4,necklace,4,4_4_002.png,258.94
Christian Dior,4,necklace,4,4_4_003.png,33.46
Christian Dior,4,necklace,4,4_4_004.png,67.39
Christian Dior,4,necklace,4,4_4_005.png,103.27
Christian Dior,4,necklace,4,4_4_006.png,154.87
Christian Dior,4,necklace,4,4_4_007.png,288.66
Christian Dior,4,necklace,4,4_4_008.png,242.03
Christian Dior,4,necklace,4,4_4_009.png,169.72
Christian Dior,4,necklace,4,4_4_010.png,127.1
Christian Dior,4,necklace,4,4_4_011.png,241.55
Christian Dior,4,necklace,4,4_4_012.png,17.01
Christian Dior,4,necklace,4,4_4_013.png,279.34
Christian Dior,4,necklace,4,4_4_014.png,128.21
Christian Dior,4,necklace,4,4_4_015.png,189.09
Christian Dior,4,necklace,4,4_4_016.png,14.76
Christian Dior,4,necklace,4,4_4_017.png,75.17
Christian Dior,4,necklace,4,4_4_018.png,290.07
Christian Dior,4,necklace,4,4_4_019.png,175.1
Christian Dior,4,necklace,4,4_4_020.png,174.09
Christian Dior,4,necklace,4,4_4_021.png,148.1
Christian Dior,4,necklace,4,4_4_022.png,185.95
Christian Dior,4,necklace,4,4_4_023.png,260.43
Christian Dior,4,necklace,4,4_4_024.png,6.12
Christian Dior,4,necklace,4,4_4_025.png,218.25
Christian Dior,4,necklace,4,4_4_026.png,132.17
Christian Dior,4,necklace,4,4_4_027.png,160.92
Christian Dior,4,necklace,4,4_4_028.png,244.91
Christian Dior,4,necklace,4,4_4_029.png,129.62
Christian Dior,4,necklace,4,4_4_030.png,220.83
Christian Dior,4,necklace,4,4_4_031.png,208.4
Christian Dior,4,necklace,4,4_4_032.png,69.29
Christian Dior,4,necklace,4,4_4_033.png,274.59
Christian Dior,4,necklace,4,4_4_034.png,233.18
Christian Dior,4,necklace,4,4_4_035.png,41.31
Christian Dior,4,necklace,4,4_4_036.png,36.96
Christian Dior,4,necklace,4,4_4_037.png,252.82
Christian Dior,4,necklace,4,4_4_038.png,244.25
Christian Dior,4,necklace,4,4_4_039.png,107.75
Christian Dior,4,watches,5,4_5_001.png,73.13
Christian Dior,4,watches,5,4_5_002.png,119.45
Christian Dior,4,watches,5,4_5_003.png,148.07
Christian Dior,4,watches,5,4_5_004.png,111.03
Christian Dior,4,watches,5,4_5_005.png,29.52
Christian Dior,4,watches,5,4_5_006.png,107.76
Christian Dior,4,watches,5,4_5_007.png,276.28
Christian Dior,4,watches,5,4_5_008.png,26.08
Christian Dior,4,watches,5,4_5_009.png,28.48
Christian Dior,4,watches,5,4_5_010.png,219.06
Christian Dior,4,watches,5,4_5_011.png,239.03
Christian Dior,4,watches,5,4_5_012.png,42.72
Christian Dior,4,watches,5,4_5_013.png,171.6
Christian Dior,4,watches,5,4_5_014.png,148.71
Christian Dior,4,watches,5,4_5_015.png,144.69
Christian Dior,4,watches,5,4_5_016.png,241.44
Christian Dior,4,watches,5,4_5_017.png,52.76
Christian Dior,4,watches,5,4_5_018.png,39.72
Christian Dior,4,watches,5,4_5_019.png,174.57
Christian Dior,4,watches,5,4_5_020.png,117.72
Christian Dior,4,watches,5,4_5_021.png,292.53
Christian Dior,4,watches,5,4_5_022.png,91.6
Christian Dior,4,watches,5,4_5_023.png,284.3
Christian Dior,4,watches,5,4_5_024.png,42.5
Christian Dior,4,watches,5,4_5_025.png,85.78
Christian Dior,4,watches,5,4_5_026.png,169.36
Christian Dior,4,watches,5,4_5_027.png,60.6
Christian Dior,4,watches,5,4_5_028.png,134.8
Christian Dior,4,watches,5,4_5_029.png,168.35
Christian Dior,4,watches,5,4_5_030.png,20.58
Christian Dior,4,watches,5,4_5_031.png,91.93
Christian Dior,4,watches,5,4_5_032.png,129.68
Christian Dior,4,watches,5,4_5_033.png,299.92
Christian Dior,4,watches,5,4_5_034.png,286.35
Christian Dior,4,watches,5,4_5_035.png,49.15
Christian Dior,4,watches,5,4_5_036.png,142.25
Christian Dior,4,watches,5,4_5_037.png,98.86
Christian Dior,4,watches,5,4_5_038.png,231.31
Christian Dior,4,watches,5,4_5_039.png,25.56
Christian Dior,4,watches,5,4_5_040.png,65.78
Christian Dior,4,watches,5,4_5_041.png,258.05
Christian Dior,4,watches,5,4_5_042.png,246.72
Christian Dior,4,watches,5,4_5_043.png,98.95
Christian Dior,4,watches,5,4_5_044.png,259.54
Christian Dior,4,watches,5,4_5_045.png,194.91
Christian Dior,4,watches,5,4_5_046.png,19.55
Christian Dior,4,watches,5,4_5_047.png,201.85
Christian Dior,4,ring,6,4_6_001.png,211.58
Christian Dior,4,ring,6,4_6_002.png,288.25
Christian Dior,4,ring,6,4_6_003.png,137.41
Christian Dior,4,ring,6,4_6_004.png,194.87
Christian Dior,4,ring,6,4_6_005.png,7.38
Christian Dior,4,ring,6,4_6_006.png,49.45
Christian Dior,4,ring,6,4_6_007.png,24.55
Christian Dior,4,ring,6,4_6_008.png,39.1
Christian Dior,4,ring,6,4_6_009.png,5.5
Christian Dior,4,ring,6,4_6_010.png,196.08
Christian Dior,4,ring,6,4_6_011.png,134.09
Christian Dior,4,ring,6,4_6_012.png,279.73
Christian Dior,4,ring,6,4_6_013.png,187.84
Christian Dior,4,ring,6,4_6_014.png,168.11
Christian Dior,4,ring,6,4_6_015.png,201.76
Christian Dior,4,ring,6,4_6_016.png,166.97
Christian Dior,4,ring,6,4_6_017.png,175.69
Christian Dior,4,ring,6,4_6_018.png,225.31
Christian Dior,4,ring,6,4_6_019.png,107.33
Christian Dior,4,ring,6,4_6_020.png,107.82
Christian Dior,4,ring,6,4_6_021.png,211.04
Christian Dior,4,ring,6,4_6_022.png,245.55
Christian Dior,4,ring,6,4_6_023.png,249.13
Christian Dior,4,ring,6,4_6_024.png,267.49
Christian Dior,4,ring,6,4_6_025.png,191.68
Christian Dior,4,ring,6,4_6_026.png,125.9
Christian Dior,4,ring,6,4_6_027.png,235.29
Christian Dior,4,ring,6,4_6_028.png,258.6
Christian Dior,4,ring,6,4_6_029.png,23.19
Christian Dior,4,ring,6,4_6_030.png,53.2
Christian Dior,4,ring,6,4_6_031.png,111.22
Christian Dior,4,ring,6,4_6_032.png,278.39
Christian Dior,4,ring,6,4_6_033.png,162.04
Christian Dior,4,ring,6,4_6_034.png,97.93
Christian Dior,4,ring,6,4_6_035.png,53.49
Christian Dior,4,ring,6,4_6_036.png,53.52
Christian Dior,4,ring,6,4_6_037.png,152.11
Christian Dior,4,ring,6,4_6_038.png,227.07
Christian Dior,4,ring,6,4_6_039.png,139.93
Christian Dior,4,ring,6,4_6_040.png,224.37
Christian Dior,4,ring,6,4_6_041.png,68.46
Christian Dior,4,ring,6,4_6_042.png,178.55
Christian Dior,4,ring,6,4_6_043.png,229.84
Christian Dior,4,ring,6,4_6_044.png,245.96
Christian Dior,4,ring,6,4_6_045.png,96.77
Christian Dior,4,ring,6,4_6_046.png,283.82
Christian Dior,4,ring,6,4_6_047.png,79.95
Christian Dior,4,ring,6,4_6_048.png,42.88
Christian Dior,4,ring,6,4_6_049.png,153.69
Christian Dior,4,ring,6,4_6_050.png,64.1
Christian Dior,4,ring,6,4_6_051.png,182.5
Christian Dior,4,ring,6,4_6_052.png,285.91
Christian Dior,4,ring,6,4_6_053.png,182.41
Christian Dior,4,ring,6,4_6_054.png,36.47
Christian Dior,4,ring,6,4_6_055.png,193.38
Christian Dior,4,ring,6,4_6_056.png,195.53
Christian Dior,4,ring,6,4_6_057.png,89.33
Christian Dior,4,ring,6,4_6_058.png,110.94
Christian Dior,4,ring,6,4_6_059.png,181.47
Christian Dior,4,ring,6,4_6_060.png,188.52
Christian Dior,4,ring,6,4_6_061.png,239.83
Christian Dior,4,ring,6,4_6_062.png,160.88
Christian Dior,4,ring,6,4_6_063.png,177.89
Christian Dior,4,ring,6,4_6_064.png,171.93
Christian Dior,4,ring,6,4_6_065.png,175.31
Christian Dior,4,ring,6,4_6_066.png,288.61
Christian Dior,4,ring,6,4_6_067.png,235.95
Christian Dior,4,ring,6,4_6_068.png,275.97
Christian Dior,4,ring,6,4_6_069.png,73.86
Christian Dior,4,ring,6,4_6_070.png,60.03
Christian Dior,4,ring,6,4_6_071.png,196.46
Christian Dior,4,ring,6,4_6_072.png,7.81
Christian Dior,4,ring,6,4_6_073.png,122.46
Christian Dior,4,ring,6,4_6_074.png,202.59
Christian Dior,4,ring,6,4_6_075.png,63.53
Christian Dior,4,ring,6,4_6_076.png,78.39
Christian Dior,4,ring,6,4_6_077.png,104.41
Christian Dior,4,ring,6,4_6_078.png,78.8
Christian Dior,4,ring,6,4_6_079.png,193.4
Christian Dior,4,ring,6,4_6_080.png,281.8
Christian Dior,4,ring,6,4_6_081.png,297.2
Christian Dior,4,ring,6,4_6_082.png,295.63
Christian Dior,4,bracelet,7,4_7_001.png,81.73
Christian Dior,4,bracelet,7,4_7_002.png,16.14
Christian Dior,4,bracelet,7,4_7_003.png,267.56
Christian Dior,4,bracelet,7,4_7_004.png,33.33
Christian Dior,4,bracelet,7,4_7_005.png,216.76
Christian Dior,4,bracelet,7,4_7_006.png,84.38
Christian Dior,4,bracelet,7,4_7_007.png,103.77
Christian Dior,4,bracelet,7,4_7_008.png,157.14
Christian Dior,4,bracelet,7,4_7_009.png,131.49
Christian Dior,4,bracelet,7,4_7_010.png,177.46
Christian Dior,4,bracelet,7,4_7_011.png,144.77
Christian Dior,4,bracelet,7,4_7_012.png,292.97
Christian Dior,4,bracelet,7,4_7_013.png,241.23
Christian Dior,4,bracelet,7,4_7_014.png,118.21
Christian Dior,4,bracelet,7,4_7_015.png,60.1
Christian Dior,4,bracelet,7,4_7_016.png,197.86
Christian Dior,4,bracelet,7,4_7_017.png,190.78
Christian Dior,4,bracelet,7,4_7_018.png,290.8
Christian Dior,4,bracelet,7,4_7_019.png,68.17
Christian Dior,4,bracelet,7,4_7_020.png,108.63
Christian Dior,4,bracelet,7,4_7_021.png,131.86
Christian Dior,4,bracelet,7,4_7_022.png,167.8
Christian Dior,4,bracelet,7,4_7_023.png,91.82
Christian Dior,4,bracelet,7,4_7_024.png,152.8
Christian Dior,4,bracelet,7,4_7_025.png,20.85
Christian Dior,4,bracelet,7,4_7_026.png,297.91
Christian Dior,4,bracelet,7,4_7_027.png,2.32
Christian Dior,4,bracelet,7,4_7_028.png,3.75
Christian Dior,4,bracelet,7,4_7_029.png,156.99
Christian Dior,4,bracelet,7,4_7_030.png,90.24
Christian Dior,4,bracelet,7,4_7_031.png,116.02
Christian Dior,4,boots,8,4_8_001.png,119.92
Christian Dior,4,boots,8,4_8_002.png,74.82
Christian Dior,4,boots,8,4_8_003.png,67.57
Christian Dior,4,boots,8,4_8_004.png,267.17
Christian Dior,4,boots,8,4_8_005.png,196.38
Christian Dior,4,boots,8,4_8_006.png,134.76
Christian Dior,4,boots,8,4_8_007.png,215.41
Christian Dior,4,boots,8,4_8_008.png,56.15
Christian Dior,4,boots,8,4_8_009.png,205.34
Christian Dior,4,boots,8,4_8_010.png,296.79
Christian Dior,4,boots,8,4_8_011.png,51.23
Christian Dior,4,boots,8,4_8_012.png,144.62
Christian Dior,4,boots,8,4_8_013.png,139.7
Christian Dior,4,boots,8,4_8_014.png,46.45
Christian Dior,4,boots,8,4_8_015.png,253.24
Christian Dior,4,boots,8,4_8_016.png,147.3
Christian Dior,4,boots,8,4_8_017.png,273.96
Christian Dior,4,boots,8,4_8_018.png,155.84
Christian Dior,4,boots,8,4_8_019.png,127.65
Christian Dior,4,earrings,9,4_9_001.png,241.84
Christian Dior,4,earrings,9,4_9_002.png,235.81
Christian Dior,4,earrings,9,4_9_003.png,65.57
Christian Dior,4,earrings,9,4_9_004.png,170.52
Christian Dior,4,earrings,9,4_9_005.png,286.62
Christian Dior,4,earrings,9,4_9_006.png,173.86
Christian Dior,4,earrings,9,4_9_007.png,276.97
Christian Dior,4,earrings,9,4_9_008.png,241.75
Christian Dior,4,earrings,9,4_9_009.png,1.39
Christian Dior,4,earrings,9,4_9_010.png,250.92
Christian Dior,4,earrings,9,4_9_011.png,136.78
Christian Dior,4,earrings,9,4_9_012.png,114.52
Christian Dior,4,earrings,9,4_9_013.png,21.11
Christian Dior,4,earrings,9,4_9_014.png,175.47
Christian Dior,4,earrings,9,4_9_015.png,294.36
Christian Dior,4,earrings,9,4_9_016.png,26.82
Christian Dior,4,earrings,9,4_9_017.png,82.17
Christian Dior,4,earrings,9,4_9_018.png,47.62
Christian Dior,4,earrings,9,4_9_019.png,115.03
Christian Dior,4,earrings,9,4_9_020.png,256.59
Christian Dior,4,earrings,9,4_9_021.png,8.68
Christian Dior,4,earrings,9,4_9_022.png,151.8
Christian Dior,4,earrings,9,4_9_023.png,101
Christian Dior,4,earrings,9,4_9_024.png,8.61
Christian Dior,4,earrings,9,4_9_025.png,193.47
Christian Dior,4,earrings,9,4_9_026.png,19.63
Christian Dior,4,earrings,9,4_9_027.png,234.61
Christian Dior,4,earrings,9,4_9_028.png,244.55
Christian Dior,4,earrings,9,4_9_029.png,196.09
Christian Dior,4,earrings,9,4_9_030.png,200.63
Christian Dior,4,earrings,9,4_9_031.png,154.76
Christian Dior,4,earrings,9,4_9_032.png,45.42
Christian Dior,4,earrings,9,4_9_033.png,95.1
Christian Dior,4,earrings,9,4_9_034.png,70.56
Christian Dior,4,earrings,9,4_9_035.png,150.97
Christian Dior,4,earrings,9,4_9_036.png,138.42
Christian Dior,4,earrings,9,4_9_037.png,5.94
Christian Dior,4,earrings,9,4_9_038.png,175.55
Christian Dior,4,earrings,9,4_9_039.png,250.1
Christian Dior,4,earrings,9,4_9_040.png,68
Christian Dior,4,earrings,9,4_9_041.png,122.46
Christian Dior,4,earrings,9,4_9_042.png,160.35
Christian Dior,4,earrings,9,4_9_043.png,24.46
Christian Dior,4,earrings,9,4_9_044.png,0.73
Christian Dior,4,earrings,9,4_9_045.png,155.68
Christian Dior,4,earrings,9,4_9_046.png,44.64
Christian Dior,4,earrings,9,4_9_047.png,155.06
Christian Dior,4,earrings,9,4_9_048.png,258.21
Christian Dior,4,earrings,9,4_9_049.png,49.3
Versace,5,shoes,0,5_0_001.png,286.37
Versace,5,shoes,0,5_0_002.png,216.04
Versace,5,shoes,0,5_0_003.png,182.18
Versace,5,shoes,0,5_0_004.png,63.8
Versace,5,shoes,0,5_0_005.png,125.35
Versace,5,shoes,0,5_0_006.png,156.84
Versace,5,shoes,0,5_0_007.png,158.99
Versace,5,shoes,0,5_0_008.png,100.8
Versace,5,shoes,0,5_0_009.png,238.88
Versace,5,shoes,0,5_0_010.png,192.78
Versace,5,shoes,0,5_0_011.png,291.54
Versace,5,shoes,0,5_0_012.png,124.1
Versace,5,shoes,0,5_0_013.png,130.59
Versace,5,shoes,0,5_0_014.png,194.01
Versace,5,shoes,0,5_0_015.png,38.99
Versace,5,shoes,0,5_0_016.png,242.96
Versace,5,shoes,0,5_0_017.png,227.1
Versace,5,shoes,0,5_0_018.png,170.53
Versace,5,shoes,0,5_0_019.png,43.81
Versace,5,shoes,0,5_0_020.png,261.91
Versace,5,shoes,0,5_0_021.png,142.16
Versace,5,shoes,0,5_0_022.png,16.34
Versace,5,shoes,0,5_0_023.png,60.75
Versace,5,shoes,0,5_0_024.png,255.3
Versace,5,shoes,0,5_0_025.png,223.29
Versace,5,shoes,0,5_0_026.png,3.18
Versace,5,shoes,0,5_0_027.png,125.92
Versace,5,shoes,0,5_0_028.png,58.03
Versace,5,shoes,0,5_0_029.png,169.84
Versace,5,shoes,0,5_0_030.png,121.62
Versace,5,shoes,0,5_0_031.png,113.47
Versace,5,shoes,0,5_0_032.png,18.38
Versace,5,shoes,0,5_0_033.png,283.39
Versace,5,shoes,0,5_0_034.png,74.83
Versace,5,shoes,0,5_0_035.png,221.59
Versace,5,shoes,0,5_0_036.png,215.5
Versace,5,shoes,0,5_0_037.png,61.25
Versace,5,shoes,0,5_0_038.png,67.42
Versace,5,shoes,0,5_0_039.png,200.2
Versace,5,shoes,0,5_0_040.png,54.62
Versace,5,shoes,0,5_0_041.png,78.35
Versace,5,shoes,0,5_0_042.png,254.22
Versace,5,shoes,0,5_0_043.png,107.42
Versace,5,shoes,0,5_0_044.png,220.87
Versace,5,shoes,0,5_0_045.png,238.99
Versace,5,shoes,0,5_0_046.png,152.72
Versace,5,shoes,0,5_0_047.png,143.3
Versace,5,shoes,0,5_0_048.png,210.33
Versace,5,shoes,0,5_0_049.png,9.17
Versace,5,shoes,0,5_0_050.png,293.48
Versace,5,shoes,0,5_0_051.png,140.32
Versace,5,shoes,0,5_0_052.png,150.61
Versace,5,shoes,0,5_0_053.png,188.95
Versace,5,shoes,0,5_0_054.png,217.17
Versace,5,shoes,0,5_0_055.png,262.94
Versace,5,shoes,0,5_0_056.png,14.92
Versace,5,shoes,0,5_0_057.png,119.46
Versace,5,shoes,0,5_0_058.png,35.03
Versace,5,shoes,0,5_0_059.png,137.91
Versace,5,shoes,0,5_0_060.png,32.57
Versace,5,handbag,2,5_2_001.png,195.49
Versace,5,handbag,2,5_2_002.png,125.19
Versace,5,handbag,2,5_2_003.png,267.15
Versace,5,handbag,2,5_2_004.png,197.51
Versace,5,handbag,2,5_2_005.png,99.6
Versace,5,handbag,2,5_2_006.png,167.95
Versace,5,handbag,2,5_2_007.png,273.73
Versace,5,handbag,2,5_2_008.png,7.64
Versace,5,handbag,2,5_2_009.png,237.45
Versace,5,handbag,2,5_2_010.png,169.82
Versace,5,handbag,2,5_2_011.png,238.91
Versace,5,handbag,2,5_2_012.png,288.37
Versace,5,handbag,2,5_2_013.png,179.15
Versace,5,handbag,2,5_2_014.png,237.06
Versace,5,handbag,2,5_2_015.png,149.05
Versace,5,handbag,2,5_2_016.png,261.34
Versace,5,handbag,2,5_2_017.png,14.49
Versace,5,handbag,2,5_2_018.png,164.85
Versace,5,handbag,2,5_2_019.png,22
Versace,5,handbag,2,5_2_020.png,209.29
Versace,5,handbag,2,5_2_021.png,136.84
Versace,5,handbag,2,5_2_022.png,248.56
Versace,5,handbag,2,5_2_023.png,105.83
Versace,5,handbag,2,5_2_024.png,5.56
Versace,5,handbag,2,5_2_025.png,233.28
Versace,5,handbag,2,5_2_026.png,287.45
Versace,5,handbag,2,5_2_027.png,60.27
Versace,5,handbag,2,5_2_028.png,170.77
Versace,5,handbag,2,5_2_029.png,124.2
Versace,5,handbag,2,5_2_030.png,9.48
Versace,5,handbag,2,5_2_031.png,70.76
Versace,5,handbag,2,5_2_032.png,149.91
Versace,5,handbag,2,5_2_033.png,127.43
Versace,5,handbag,2,5_2_034.png,127.73
Versace,5,handbag,2,5_2_035.png,232.88
Versace,5,handbag,2,5_2_036.png,163.28
Versace,5,handbag,2,5_2_037.png,182.73
Versace,5,handbag,2,5_2_038.png,260.92
Versace,5,handbag,2,5_2_039.png,78.42
Versace,5,handbag,2,5_2_040.png,43.81
Versace,5,handbag,2,5_2_041.png,114.69
Versace,5,handbag,2,5_2_042.png,85.15
Versace,5,handbag,2,5_2_043.png,121.76
Versace,5,handbag,2,5_2_044.png,21.47
Versace,5,handbag,2,5_2_045.png,242.65
Versace,5,handbag,2,5_2_046.png,184.23
Versace,5,handbag,2,5_2_047.png,73.61
Versace,5,handbag,2,5_2_048.png,202.21
Versace,5,handbag,2,5_2_049.png,288.07
Versace,5,handbag,2,5_2_050.png,182.31
Versace,5,handbag,2,5_2_051.png,48.1
Versace,5,handbag,2,5_2_052.png,11.86
Versace,5,handbag,2,5_2_053.png,180.66
Versace,5,handbag,2,5_2_054.png,100.41
Versace,5,handbag,2,5_2_055.png,152.86
Versace,5,handbag,2,5_2_056.png,281.15
Versace,5,handbag,2,5_2_057.png,235.09
Versace,5,handbag,2,5_2_058.png,170.5
Versace,5,handbag,2,5_2_059.png,140.96
Versace,5,handbag,2,5_2_060.png,273.96
Versace,5,handbag,2,5_2_061.png,166.34
Versace,5,handbag,2,5_2_062.png,155.73
Versace,5,handbag,2,5_2_063.png,54.5
Versace,5,handbag,2,5_2_064.png,160.01
Versace,5,handbag,2,5_2_065.png,184.22
Versace,5,handbag,2,5_2_066.png,95.3
Versace,5,handbag,2,5_2_067.png,171.38
Versace,5,handbag,2,5_2_068.png,77.4
Versace,5,handbag,2,5_2_069.png,175.43
Versace,5,handbag,2,5_2_070.png,176.03
Versace,5,handbag,2,5_2_071.png,129.96
Versace,5,handbag,2,5_2_072.png,135.97
Versace,5,handbag,2,5_2_073.png,291.26
Versace,5,handbag,2,5_2_074.png,151.44
Versace,5,handbag,2,5_2_075.png,199.55
Versace,5,handbag,2,5_2_076.png,292.82
Versace,5,necklace,4,5_4_001.png,77.14
Versace,5,necklace,4,5_4_002.png,188.92
Versace,5,necklace,4,5_4_003.png,277.04
Versace,5,necklace,4,5_4_004.png,10.69
Versace,5,necklace,4,5_4_005.png,147.05
Versace,5,necklace,4,5_4_006.png,229.28
Versace,5,necklace,4,5_4_007.png,156.42
Versace,5,necklace,4,5_4_008.png,252.75
Versace,5,necklace,4,5_4_009.png,212.78
Versace,5,necklace,4,5_4_010.png,25.96
Versace,5,necklace,4,5_4_011.png,23.52
Versace,5,necklace,4,5_4_012.png,0.59
Versace,5,necklace,4,5_4_013.png,39.82
Versace,5,necklace,4,5_4_014.png,293.26
Versace,5,watches,5,5_5_001.png,239.96
Versace,5,watches,5,5_5_002.png,207.49
Versace,5,watches,5,5_5_003.png,187.2
Versace,5,watches,5,5_5_004.png,160.58
Versace,5,watches,5,5_5_005.png,55.14
Versace,5,watches,5,5_5_006.png,35.06
Versace,5,watches,5,5_5_007.png,263.29
Versace,5,watches,5,5_5_008.png,237.59
Versace,5,watches,5,5_5_009.png,224.86
Versace,5,watches,5,5_5_010.png,77.75
Versace,5,watches,5,5_5_011.png,120.6
Versace,5,watches,5,5_5_012.png,93.7
Versace,5,watches,5,5_5_013.png,77.38
Versace,5,watches,5,5_5_014.png,258.98
Versace,5,watches,5,5_5_015.png,278.58
Versace,5,watches,5,5_5_016.png,275.1
Versace,5,watches,5,5_5_017.png,299.03
Versace,5,watches,5,5_5_018.png,12.46
Versace,5,watches,5,5_5_019.png,45.85
Versace,5,ring,6,5_6_001.png,276.98
Versace,5,ring,6,5_6_002.png,273.58
Versace,5,ring,6,5_6_003.png,225.35
Versace,5,ring,6,5_6_004.png,132.68
Versace,5,ring,6,5_6_005.png,182.1
Versace,5,ring,6,5_6_006.png,70.71
Versace,5,ring,6,5_6_007.png,255.21
Versace,5,ring,6,5_6_008.png,183.31
Versace,5,ring,6,5_6_009.png,56.93
Versace,5,ring,6,5_6_010.png,258.78
Versace,5,ring,6,5_6_011.png,255.08
Versace,5,ring,6,5_6_012.png,275.44
Versace,5,ring,6,5_6_013.png,185.83
Versace,5,ring,6,5_6_014.png,225.16
Versace,5,ring,6,5_6_015.png,222.81
Versace,5,ring,6,5_6_016.png,166.31
Versace,5,ring,6,5_6_017.png,83.84
Versace,5,ring,6,5_6_018.png,179.41
Versace,5,ring,6,5_6_019.png,281.2
Versace,5,ring,6,5_6_020.png,165.53
Versace,5,ring,6,5_6_021.png,133.55
Versace,5,ring,6,5_6_022.png,142.75
Versace,5,ring,6,5_6_023.png,117.76
Versace,5,bracelet,7,5_7_001.png,203.79
Versace,5,bracelet,7,5_7_002.png,168.45
Versace,5,bracelet,7,5_7_003.png,202.98
Versace,5,bracelet,7,5_7_004.png,42.96
Versace,5,bracelet,7,5_7_005.png,25.67
Versace,5,bracelet,7,5_7_006.png,181.51
Versace,5,bracelet,7,5_7_007.png,285.68
Versace,5,bracelet,7,5_7_008.png,191.33
Versace,5,bracelet,7,5_7_009.png,217.23
Versace,5,bracelet,7,5_7_010.png,38.09
Versace,5,bracelet,7,5_7_011.png,118.97
Versace,5,bracelet,7,5_7_012.png,6.88
Versace,5,bracelet,7,5_7_013.png,200.29
Versace,5,bracelet,7,5_7_014.png,75.21
Versace,5,bracelet,7,5_7_015.png,184.55
Versace,5,bracelet,7,5_7_016.png,152.61
Versace,5,boots,8,5_8_001.png,98.75
Versace,5,boots,8,5_8_002.png,193.34
Versace,5,boots,8,5_8_003.png,141.85
Versace,5,boots,8,5_8_004.png,49.29
Versace,5,boots,8,5_8_005.png,284.23
Versace,5,boots,8,5_8_006.png,224.87
Versace,5,boots,8,5_8_007.png,280.17
Versace,5,boots,8,5_8_008.png,225.83
Versace,5,boots,8,5_8_009.png,15.97
Versace,5,boots,8,5_8_010.png,226.17
Versace,5,boots,8,5_8_011.png,4.24
Versace,5,boots,8,5_8_012.png,16.35
Versace,5,boots,8,5_8_013.png,139.75
Versace,5,boots,8,5_8_014.png,123.33
Versace,5,boots,8,5_8_015.png,163.19
Versace,5,boots,8,5_8_016.png,220.69
Versace,5,boots,8,5_8_017.png,260.09
Versace,5,boots,8,5_8_018.png,93.9
Versace,5,earrings,9,5_9_001.png,200.39
Versace,5,earrings,9,5_9_002.png,184.84
Versace,5,earrings,9,5_9_003.png,9.2
Versace,5,earrings,9,5_9_004.png,244.85
Versace,5,earrings,9,5_9_005.png,224.52
Versace,5,earrings,9,5_9_006.png,99.83
Versace,5,earrings,9,5_9_007.png,147.61
Versace,5,earrings,9,5_9_008.png,119.67
Versace,5,earrings,9,5_9_009.png,6.25
Versace,5,earrings,9,5_9_010.png,119.83
Versace,5,earrings,9,5_9_011.png,275.43
Versace,5,earrings,9,5_9_012.png,81.19
Versace,5,earrings,9,5_9_013.png,212.75
Versace,5,earrings,9,5_9_014.png,28.01
Versace,5,earrings,9,5_9_015.png,222.56
Versace,5,earrings,9,5_9_016.png,45.55
Versace,5,earrings,9,5_9_017.png,52.09
Versace,5,earrings,9,5_9_018.png,33.69
Versace,5,earrings,9,5_9_019.png,220.16
Versace,5,earrings,9,5_9_020.png,57.34
Versace,5,earrings,9,5_9_021.png,154.97
Yves Saint Laurent,6,shoes,0,6_0_001.png,91.03
Yves Saint Laurent,6,shoes,0,6_0_002.png,56.76
Yves Saint Laurent,6,shoes,0,6_0_003.png,87.17
Yves Saint Laurent,6,shoes,0,6_0_004.png,191.23
Yves Saint Laurent,6,shoes,0,6_0_005.png,54.86
Yves Saint Laurent,6,shoes,0,6_0_006.png,235.7
Yves Saint Laurent,6,shoes,0,6_0_007.png,52.65
Yves Saint Laurent,6,shoes,0,6_0_008.png,104.65
Yves Saint Laurent,6,shoes,0,6_0_009.png,25.97
Yves Saint Laurent,6,shoes,0,6_0_010.png,93.18
Yves Saint Laurent,6,shoes,0,6_0_011.png,245.02
Yves Saint Laurent,6,shoes,0,6_0_012.png,297.04
Yves Saint Laurent,6,shoes,0,6_0_013.png,214.13
Yves Saint Laurent,6,shoes,0,6_0_014.png,84.21
Yves Saint Laurent,6,shoes,0,6_0_015.png,191.39
Yves Saint Laurent,6,shoes,0,6_0_016.png,116.45
Yves Saint Laurent,6,shoes,0,6_0_017.png,10.08
Yves Saint Laurent,6,shoes,0,6_0_018.png,89.05
Yves Saint Laurent,6,shoes,0,6_0_019.png,12.37
Yves Saint Laurent,6,shoes,0,6_0_020.png,8.99
Yves Saint Laurent,6,shoes,0,6_0_021.png,235.73
Yves Saint Laurent,6,shoes,0,6_0_022.png,205.24
Yves Saint Laurent,6,shoes,0,6_0_023.png,266.05
Yves Saint Laurent,6,shoes,0,6_0_024.png,14.12
Yves Saint Laurent,6,shoes,0,6_0_025.png,278.71
Yves Saint Laurent,6,shoes,0,6_0_026.png,296.08
Yves Saint Laurent,6,shoes,0,6_0_027.png,185.58
Yves Saint Laurent,6,shoes,0,6_0_028.png,252.19
Yves Saint Laurent,6,shoes,0,6_0_029.png,252
Yves Saint Laurent,6,shoes,0,6_0_030.png,174.87
Yves Saint Laurent,6,shoes,0,6_0_031.png,44.28
Yves Saint Laurent,6,shoes,0,6_0_032.png,123.9
Yves Saint Laurent,6,shoes,0,6_0_033.png,250.27
Yves Saint Laurent,6,shoes,0,6_0_034.png,23.19
Yves Saint Laurent,6,shoes,0,6_0_035.png,126.94
Yves Saint Laurent,6,shoes,0,6_0_036.png,258.21
Yves Saint Laurent,6,shoes,0,6_0_037.png,235.63
Yves Saint Laurent,6,shoes,0,6_0_038.png,226.47
Yves Saint Laurent,6,shoes,0,6_0_039.png,87.65
Yves Saint Laurent,6,shoes,0,6_0_040.png,180.17
Yves Saint Laurent,6,shoes,0,6_0_041.png,44.55
Yves Saint Laurent,6,shoes,0,6_0_042.png,95.73
Yves Saint Laurent,6,shoes,0,6_0_043.png,56.28
Yves Saint Laurent,6,shoes,0,6_0_044.png,114.97
Yves Saint Laurent,6,shoes,0,6_0_045.png,270.22
Yves Saint Laurent,6,shoes,0,6_0_046.png,106.37
Yves Saint Laurent,6,shoes,0,6_0_047.png,125.42
Yves Saint Laurent,6,shoes,0,6_0_048.png,194.9
Yves Saint Laurent,6,shoes,0,6_0_049.png,157.58
Yves Saint Laurent,6,shoes,0,6_0_050.png,212.9
Yves Saint Laurent,6,lipstick,1,6_1_001.png,20.61
Yves Saint Laurent,6,lipstick,1,6_1_002.png,103.07
Yves Saint Laurent,6,lipstick,1,6_1_003.png,102.76
Yves Saint Laurent,6,lipstick,1,6_1_004.png,46.58
Yves Saint Laurent,6,lipstick,1,6_1_005.png,33.61
Yves Saint Laurent,6,lipstick,1,6_1_006.png,26.19
Yves Saint Laurent,6,lipstick,1,6_1_007.png,4.25
Yves Saint Laurent,6,lipstick,1,6_1_008.png,272.37
Yves Saint Laurent,6,lipstick,1,6_1_009.png,252.63
Yves Saint Laurent,6,lipstick,1,6_1_010.png,190.55
Yves Saint Laurent,6,lipstick,1,6_1_011.png,270.33
Yves Saint Laurent,6,lipstick,1,6_1_012.png,279.75
Yves Saint Laurent,6,lipstick,1,6_1_013.png,281.45
Yves Saint Laurent,6,lipstick,1,6_1_014.png,198.87
Yves Saint Laurent,6,lipstick,1,6_1_015.png,95.7
Yves Saint Laurent,6,lipstick,1,6_1_016.png,284.68
Yves Saint Laurent,6,lipstick,1,6_1_017.png,219.34
Yves Saint Laurent,6,lipstick,1,6_1_018.png,261.26
Yves Saint Laurent,6,lipstick,1,6_1_019.png,37.9
Yves Saint Laurent,6,lipstick,1,6_1_020.png,237.78
Yves Saint Laurent,6,lipstick,1,6_1_021.png,123.41
Yves Saint Laurent,6,lipstick,1,6_1_022.png,92.58
Yves Saint Laurent,6,lipstick,1,6_1_023.png,260.39
Yves Saint Laurent,6,lipstick,1,6_1_024.png,280.78
Yves Saint Laurent,6,lipstick,1,6_1_025.png,140.15
Yves Saint Laurent,6,lipstick,1,6_1_026.png,107.79
Yves Saint Laurent,6,lipstick,1,6_1_027.png,197.98
Yves Saint Laurent,6,lipstick,1,6_1_028.png,248.11
Yves Saint Laurent,6,lipstick,1,6_1_029.png,42.68
Yves Saint Laurent,6,lipstick,1,6_1_030.png,142.04
Yves Saint Laurent,6,lipstick,1,6_1_031.png,259.59
Yves Saint Laurent,6,lipstick,1,6_1_032.png,250.17
Yves Saint Laurent,6,lipstick,1,6_1_033.png,259.99
Yves Saint Laurent,6,lipstick,1,6_1_034.png,147.86
Yves Saint Laurent,6,lipstick,1,6_1_035.png,245.52
Yves Saint Laurent,6,lipstick,1,6_1_036.png,267.7
Yves Saint Laurent,6,lipstick,1,6_1_037.png,128.2
Yves Saint Laurent,6,lipstick,1,6_1_038.png,186.85
Yves Saint Laurent,6,lipstick,1,6_1_039.png,91.15
Yves Saint Laurent,6,lipstick,1,6_1_040.png,25.66
Yves Saint Laurent,6,lipstick,1,6_1_041.png,131.77
Yves Saint Laurent,6,lipstick,1,6_1_042.png,233.1
Yves Saint Laurent,6,lipstick,1,6_1_043.png,288.84
Yves Saint Laurent,6,lipstick,1,6_1_044.png,283.37
Yves Saint Laurent,6,lipstick,1,6_1_045.png,45.04
Yves Saint Laurent,6,lipstick,1,6_1_046.png,98.99
Yves Saint Laurent,6,lipstick,1,6_1_047.png,228.16
Yves Saint Laurent,6,lipstick,1,6_1_048.png,6.12
Yves Saint Laurent,6,lipstick,1,6_1_049.png,150.16
Yves Saint Laurent,6,handbag,2,6_2_001.png,266.43
Yves Saint Laurent,6,handbag,2,6_2_002.png,257.14
Yves Saint Laurent,6,handbag,2,6_2_003.png,71.45
Yves Saint Laurent,6,handbag,2,6_2_004.png,246.57
Yves Saint Laurent,6,handbag,2,6_2_005.png,25.14
Yves Saint Laurent,6,handbag,2,6_2_006.png,83.97
Yves Saint Laurent,6,handbag,2,6_2_007.png,35.79
Yves Saint Laurent,6,handbag,2,6_2_008.png,237.64
Yves Saint Laurent,6,handbag,2,6_2_009.png,258.03
Yves Saint Laurent,6,handbag,2,6_2_010.png,83
Yves Saint Laurent,6,handbag,2,6_2_011.png,34.6
Yves Saint Laurent,6,handbag,2,6_2_012.png,167.9
Yves Saint Laurent,6,handbag,2,6_2_013.png,299.8
Yves Saint Laurent,6,handbag,2,6_2_014.png,261.06
Yves Saint Laurent,6,handbag,2,6_2_015.png,19.71
Yves Saint Laurent,6,handbag,2,6_2_016.png,190.99
Yves Saint Laurent,6,handbag,2,6_2_017.png,243.58
Yves Saint Laurent,6,handbag,2,6_2_018.png,221.56
Yves Saint Laurent,6,handbag,2,6_2_019.png,279.77
Yves Saint Laurent,6,handbag,2,6_2_020.png,119.83
Yves Saint Laurent,6,handbag,2,6_2_021.png,12.1
Yves Saint Laurent,6,handbag,2,6_2_022.png,9.11
Yves Saint Laurent,6,handbag,2,6_2_023.png,291.3
Yves Saint Laurent,6,handbag,2,6_2_024.png,275.76
Yves Saint Laurent,6,handbag,2,6_2_025.png,100.8
Yves Saint Laurent,6,handbag,2,6_2_026.png,251.89
Yves Saint Laurent,6,handbag,2,6_2_027.png,241.16
Yves Saint Laurent,6,handbag,2,6_2_028.png,225.67
Yves Saint Laurent,6,handbag,2,6_2_029.png,34.62
Yves Saint Laurent,6,handbag,2,6_2_030.png,233.17
Yves Saint Laurent,6,handbag,2,6_2_031.png,95.52
Yves Saint Laurent,6,handbag,2,6_2_032.png,0.66
Yves Saint Laurent,6,handbag,2,6_2_033.png,235.98
Yves Saint Laurent,6,handbag,2,6_2_034.png,233.71
Yves Saint Laurent,6,handbag,2,6_2_035.png,137.14
Yves Saint Laurent,6,handbag,2,6_2_036.png,133.53
Yves Saint Laurent,6,handbag,2,6_2_037.png,278.75
Yves Saint Laurent,6,handbag,2,6_2_038.png,123.23
Yves Saint Laurent,6,handbag,2,6_2_039.png,244.6
Yves Saint Laurent,6,handbag,2,6_2_040.png,93.55
Yves Saint Laurent,6,handbag,2,6_2_041.png,25.44
Yves Saint Laurent,6,handbag,2,6_2_042.png,2.38
Yves Saint Laurent,6,handbag,2,6_2_043.png,139.42
Yves Saint Laurent,6,handbag,2,6_2_044.png,141.94
Yves Saint Laurent,6,handbag,2,6_2_045.png,210.65
Yves Saint Laurent,6,handbag,2,6_2_046.png,167.32
Yves Saint Laurent,6,handbag,2,6_2_047.png,35.15
Yves Saint Laurent,6,handbag,2,6_2_048.png,268.3
Yves Saint Laurent,6,handbag,2,6_2_049.png,280.18
Yves Saint Laurent,6,handbag,2,6_2_050.png,46.43
Yves Saint Laurent,6,handbag,2,6_2_051.png,156.34
Yves Saint Laurent,6,handbag,2,6_2_052.png,253.39
Yves Saint Laurent,6,handbag,2,6_2_053.png,153.04
Yves Saint Laurent,6,handbag,2,6_2_054.png,4.03
Yves Saint Laurent,6,handbag,2,6_2_055.png,13.89
Yves Saint Laurent,6,nail polish,3,6_3_001.png,135.05
Yves Saint Laurent,6,nail polish,3,6_3_002.png,75.97
Yves Saint Laurent,6,nail polish,3,6_3_003.png,274.51
Yves Saint Laurent,6,nail polish,3,6_3_004.png,25.13
Yves Saint Laurent,6,nail polish,3,6_3_005.png,114.14
Yves Saint Laurent,6,nail polish,3,6_3_006.png,256.4
Yves Saint Laurent,6,nail polish,3,6_3_007.png,75.32
Yves Saint Laurent,6,nail polish,3,6_3_008.png,158.32
Yves Saint Laurent,6,nail polish,3,6_3_009.png,71.7
Yves Saint Laurent,6,nail polish,3,6_3_010.png,46.13
Yves Saint Laurent,6,nail polish,3,6_3_011.png,85.03
Yves Saint Laurent,6,nail polish,3,6_3_012.png,274.82
Yves Saint Laurent,6,nail polish,3,6_3_013.png,282.08
Yves Saint Laurent,6,nail polish,3,6_3_014.png,93.6
Yves Saint Laurent,6,nail polish,3,6_3_015.png,279.02
Yves Saint Laurent,6,nail polish,3,6_3_016.png,164.87
Yves Saint Laurent,6,nail polish,3,6_3_017.png,26.09
Yves Saint Laurent,6,nail polish,3,6_3_018.png,299.31
Yves Saint Laurent,6,nail polish,3,6_3_019.png,273.84
Yves Saint Laurent,6,nail polish,3,6_3_020.png,250.35
Yves Saint Laurent,6,nail polish,3,6_3_021.png,258.88
Yves Saint Laurent,6,nail polish,3,6_3_022.png,245.15
Yves Saint Laurent,6,nail polish,3,6_3_023.png,296.55
Yves Saint Laurent,6,nail polish,3,6_3_024.png,157.9
Yves Saint Laurent,6,nail polish,3,6_3_025.png,10.61
Yves Saint Laurent,6,nail polish,3,6_3_026.png,66.71
Yves Saint Laurent,6,nail polish,3,6_3_027.png,196.32
Yves Saint Laurent,6,nail polish,3,6_3_028.png,41.49
Yves Saint Laurent,6,nail polish,3,6_3_029.png,210.86
Yves Saint Laurent,6,nail polish,3,6_3_030.png,210.2
Yves Saint Laurent,6,nail polish,3,6_3_031.png,265.92
Yves Saint Laurent,6,nail polish,3,6_3_032.png,9.95
Yves Saint Laurent,6,nail polish,3,6_3_033.png,69.72
Yves Saint Laurent,6,nail polish,3,6_3_034.png,167.64
Yves Saint Laurent,6,nail polish,3,6_3_035.png,44.58
Yves Saint Laurent,6,nail polish,3,6_3_036.png,224.01
Yves Saint Laurent,6,nail polish,3,6_3_037.png,40.19
Yves Saint Laurent,6,nail polish,3,6_3_038.png,298.87
Yves Saint Laurent,6,nail polish,3,6_3_039.png,241.41
Yves Saint Laurent,6,nail polish,3,6_3_040.png,240.56
Yves Saint Laurent,6,nail polish,3,6_3_041.png,73.66
Yves Saint Laurent,6,nail polish,3,6_3_042.png,202.74
Yves Saint Laurent,6,nail polish,3,6_3_043.png,182.48
Yves Saint Laurent,6,nail polish,3,6_3_044.png,181.33
Yves Saint Laurent,6,nail polish,3,6_3_045.png,275.48
Yves Saint Laurent,6,necklace,4,6_4_001.png,75.42
Yves Saint Laurent,6,necklace,4,6_4_002.png,100.21
Yves Saint Laurent,6,necklace,4,6_4_003.png,54.73
Yves Saint Laurent,6,necklace,4,6_4_004.png,62.35
Yves Saint Laurent,6,necklace,4,6_4_005.png,182.46
Yves Saint Laurent,6,necklace,4,6_4_006.png,119.93
Yves Saint Laurent,6,necklace,4,6_4_007.png,201.83
Yves Saint Laurent,6,necklace,4,6_4_008.png,161.85
Yves Saint Laurent,6,necklace,4,6_4_009.png,283.36
Yves Saint Laurent,6,necklace,4,6_4_010.png,127.28
Yves Saint Laurent,6,necklace,4,6_4_011.png,291.95
Yves Saint Laurent,6,necklace,4,6_4_012.png,105.1
Yves Saint Laurent,6,necklace,4,6_4_013.png,50.48
Yves Saint Laurent,6,necklace,4,6_4_014.png,38.29
Yves Saint Laurent,6,necklace,4,6_4_015.png,93.12
Yves Saint Laurent,6,ring,6,6_6_001.png,48.76
Yves Saint Laurent,6,ring,6,6_6_002.png,147.6
Yves Saint Laurent,6,ring,6,6_6_003.png,209.45
Yves Saint Laurent,6,ring,6,6_6_004.png,54.04
Yves Saint Laurent,6,ring,6,6_6_005.png,65.51
Yves Saint Laurent,6,ring,6,6_6_006.png,207.76
Yves Saint Laurent,6,ring,6,6_6_007.png,148.34
Yves Saint Laurent,6,ring,6,6_6_008.png,72
Yves Saint Laurent,6,bracelet,7,6_7_001.png,188.59
Yves Saint Laurent,6,bracelet,7,6_7_002.png,39.53
Yves Saint Laurent,6,bracelet,7,6_7_003.png,229.58
Yves Saint Laurent,6,bracelet,7,6_7_004.png,165.03
Yves Saint Laurent,6,bracelet,7,6_7_005.png,166.53
Yves Saint Laurent,6,bracelet,7,6_7_006.png,63.97
Yves Saint Laurent,6,bracelet,7,6_7_007.png,257.41
Yves Saint Laurent,6,bracelet,7,6_7_008.png,270.9
Yves Saint Laurent,6,bracelet,7,6_7_009.png,128.36
Yves Saint Laurent,6,bracelet,7,6_7_010.png,91.36
Yves Saint Laurent,6,bracelet,7,6_7_011.png,143.34
Yves Saint Laurent,6,bracelet,7,6_7_012.png,184.06
Yves Saint Laurent,6,bracelet,7,6_7_013.png,44.9
Yves Saint Laurent,6,bracelet,7,6_7_014.png,113.7
Yves Saint Laurent,6,bracelet,7,6_7_015.png,211.51
Yves Saint Laurent,6,bracelet,7,6_7_016.png,243.83
Yves Saint Laurent,6,bracelet,7,6_7_017.png,194.73
Yves Saint Laurent,6,bracelet,7,6_7_018.png,13.22
Yves Saint Laurent,6,boots,8,6_8_001.png,46.67
Yves Saint Laurent,6,boots,8,6_8_002.png,40.39
Yves Saint Laurent,6,boots,8,6_8_003.png,214.65
Yves Saint Laurent,6,boots,8,6_8_004.png,144.87
Yves Saint Laurent,6,boots,8,6_8_005.png,139.78
Yves Saint Laurent,6,boots,8,6_8_006.png,264.79
Yves Saint Laurent,6,boots,8,6_8_007.png,122.23
Yves Saint Laurent,6,boots,8,6_8_008.png,169.25
Yves Saint Laurent,6,boots,8,6_8_009.png,116.87
Yves Saint Laurent,6,boots,8,6_8_010.png,240.72
Yves Saint Laurent,6,boots,8,6_8_011.png,232.7
Yves Saint Laurent,6,boots,8,6_8_012.png,207.94
Yves Saint Laurent,6,boots,8,6_8_013.png,230.3
Yves Saint Laurent,6,boots,8,6_8_014.png,200.31
Yves Saint Laurent,6,boots,8,6_8_015.png,156.68
Yves Saint Laurent,6,boots,8,6_8_016.png,198.25
Yves Saint Laurent,6,boots,8,6_8_017.png,40.65
Yves Saint Laurent,6,boots,8,6_8_018.png,290.69
Yves Saint Laurent,6,boots,8,6_8_019.png,32.31
Yves Saint Laurent,6,boots,8,6_8_020.png,252.04
Yves Saint Laurent,6,boots,8,6_8_021.png,295.94
Yves Saint Laurent,6,boots,8,6_8_022.png,186.77
Yves Saint Laurent,6,boots,8,6_8_023.png,195.26
Yves Saint Laurent,6,boots,8,6_8_024.png,45.32
Yves Saint Laurent,6,boots,8,6_8_025.png,148.26
Yves Saint Laurent,6,boots,8,6_8_026.png,200.01
Yves Saint Laurent,6,boots,8,6_8_027.png,138.01
Yves Saint Laurent,6,earrings,9,6_9_001.png,33.22
Yves Saint Laurent,6,earrings,9,6_9_002.png,225.75
Yves Saint Laurent,6,earrings,9,6_9_003.png,180.22
Yves Saint Laurent,6,earrings,9,6_9_004.png,128.95
Yves Saint Laurent,6,earrings,9,6_9_005.png,287.72
Yves Saint Laurent,6,earrings,9,6_9_006.png,296.72
Yves Saint Laurent,6,earrings,9,6_9_007.png,296.23
Yves Saint Laurent,6,earrings,9,6_9_008.png,148.25
Yves Saint Laurent,6,earrings,9,6_9_009.png,162.78
Yves Saint Laurent,6,earrings,9,6_9_010.png,267.54
Yves Saint Laurent,6,earrings,9,6_9_011.png,43.54
Yves Saint Laurent,6,earrings,9,6_9_012.png,81.38
Yves Saint Laurent,6,earrings,9,6_9_013.png,281.73
Yves Saint Laurent,6,earrings,9,6_9_014.png,149.97
Yves Saint Laurent,6,earrings,9,6_9_015.png,52.03
Yves Saint Laurent,6,earrings,9,6_9_016.png,231.65
Yves Saint Laurent,6,earrings,9,6_9_017.png,275.39
Yves Saint Laurent,6,earrings,9,6_9_018.png,115.54
Yves Saint Laurent,6,earrings,9,6_9_019.png,45.89
Yves Saint Laurent,6,earrings,9,6_9_020.png,240.83
Yves Saint Laurent,6,earrings,9,6_9_021.png,136.56